Date,Rainfall (mm),temp_max (‚Å∞C),humidity_min (%),Humidity_max (%),wind_speed_min (Kmph),wind_speed_max (Kmph)
2018-01-01,0.0,32.275,32.61875,90.19375,0.0,5.9
2018-01-02,0.0,33.175,16.04375,83.225,0.06,6.926666667
2018-01-03,0.0,37.36875,14.8,74.80625,0.0,6.646666667
2018-01-04,0.0,37.18125,42.23125,88.7625,1.046666667,12.90666667
2018-01-05,0.0,42.89375,16.4,85.1625,0.113333333,13.3
2018-01-06,0.0,39.26875,32.80625,68.5125,0.38,13.08666667
2018-01-07,0.0,36.18125,47.825,86.90625,0.0,7.06
2018-01-08,0.0,33.59375,52.4125,76.0875,0.0,11.46
2018-01-09,0.425,31.7,65.5875,94.3,0.18,11.66666667
2018-01-10,0.02,34.78333333,58.0,95.46666667,0.0,4.506896552
2018-01-11,0.0,33.1125,36.0375,91.91875,0.0,6.18
2018-01-12,0.0,31.85,31.1875,87.275,0.146666667,6.1
2018-01-13,0.0,33.4,26.9375,83.61875,0.0,5.04
2018-01-14,0.0,33.9,21.68125,86.0125,0.0,6.72
2018-01-15,0.0,31.8625,47.28125,92.6,0.0,6.706666667
2018-01-16,0.0,32.8875,42.55,94.1,0.0,5.626666667
2018-01-17,0.0,33.39375,31.45625,88.375,0.0,6.613333333
2018-01-18,0.0,33.15,29.075,91.8,0.0,7.453333333
2018-01-19,0.0,32.1625,33.225,89.63125,0.0,5.746666667
2018-01-20,0.0,31.63125,21.66875,85.95625,0.0,6.653333333
2018-01-21,0.0,31.45625,26.91875,91.11875,0.0,6.72
2018-01-22,0.0,31.74375,30.225,88.31875,0.02,6.113333333
2018-01-23,0.0,31.2375,34.4625,90.2625,0.0,8.026666667
2018-01-24,0.0,31.5125,38.55625,92.49375,0.0,8.953333333
2018-01-25,0.0,31.1625,44.025,89.66875,0.0,6.38
2018-01-26,0.0,31.0125,30.25,79.625,0.0,6.38
2018-01-27,0.0,31.3375,21.55625,84.59375,0.0,6.393333333
2018-01-28,0.0,31.575,30.63125,89.9625,0.0,6.493333333
2018-01-29,0.0,31.40625,34.70625,93.7375,0.0,7.986666667
2018-01-30,0.0,31.55625,30.2875,90.30625,0.0,8.406666667
2018-01-31,0.0,31.61875,23.46875,86.96875,0.0,7.193333333
2018-02-01,0.0,31.7375,38.40625,89.19375,0.0,6.686666667
2018-02-02,0.0,33.3375,13.6625,82.51875,0.053333333,8.806666667
2018-02-03,0.0,37.04375,13.6875,64.93125,0.0,8.353333333
2018-02-04,0.0375,37.61875,31.64375,75.85625,1.153333333,12.58
2018-02-05,0.0,42.24375,26.04375,82.075,0.28,15.74666667
2018-02-06,4.24375,41.1,29.2625,83.8,0.48,11.72
2018-02-07,0.2375,34.6375,54.325,87.425,0.0,8.86
2018-02-08,5.0,34.25625,50.35,89.575,0.246666667,13.21333333
2018-02-09,0.0,31.6375,66.35625,92.75,0.0,9.993333333
2018-02-10,6.676666667,34.92333333,57.80333333,95.45333333,0.0,5.579310345
2018-02-11,0.0,33.1125,43.79375,95.49375,0.0,5.726666667
2018-02-12,0.0,31.79375,34.60625,88.88125,0.066666667,5.073333333
2018-02-13,0.01875,31.0,43.775,93.45625,0.126666667,11.83333333
2018-02-14,0.0,30.9875,42.16875,91.075,0.0,8.626666667
2018-02-15,0.0,32.36875,31.85625,88.64375,0.0,7.666666667
2018-02-16,0.0,31.9,39.34375,86.925,0.0,6.6
2018-02-17,0.0,32.89375,21.16875,80.16875,0.0,7.493333333
2018-02-18,0.0,34.05,21.71875,94.16875,0.0,7.086666667
2018-02-19,0.0,34.425,30.0875,95.25,0.0,8.06
2018-02-20,0.0,33.41875,34.81875,96.925,0.073333333,11.16666667
2018-02-21,0.0,34.075,34.8625,96.075,0.0,9.306666667
2018-02-22,0.0,34.2625,33.95,58.55,0.0,7.56
2018-02-23,0.0,35.1125,24.16875,88.13125,0.0,8.14
2018-02-24,0.0,34.60625,27.825,87.21875,0.34,9.66
2018-02-25,0.0,33.4875,24.5125,82.41875,0.113333333,11.88
2018-02-26,0.0,35.75,17.75,76.06875,0.0,8.353333333
2018-02-27,0.0,36.825,17.64375,67.49375,0.0,6.806666667
2018-02-28,0.0,36.7875,19.19375,75.7375,0.0,6.84
2018-03-01,0.0,32.03125,36.9125,90.68125,0.02,5.813333333
2018-03-02,0.0,33.95,12.39375,77.0,0.0,7.426666667
2018-03-03,0.0,37.44375,15.00625,61.49375,0.0,8.046666667
2018-03-04,0.0,35.20625,48.175,91.9125,0.273333333,13.28
2018-03-05,0.0375,41.09375,33.3875,79.88125,0.98,13.48666667
2018-03-06,30.63125,32.09375,61.975,97.85,0.0,9.553333333
2018-03-07,1.01875,36.08125,48.90625,94.4,0.006666667,9.86
2018-03-08,0.89375,33.01875,61.225,92.46875,0.0,10.78666667
2018-03-09,0.0,33.15625,58.3875,86.9375,0.0,10.14666667
2018-03-10,0.1125,34.875,58.96875,95.425,0.0,5.926666667
2018-03-11,0.0,33.60625,49.6125,94.0375,0.0,7.226666667
2018-03-12,0.0,31.175,38.20625,91.3375,0.0,7.266666667
2018-03-13,0.0,36.4,27.8625,86.34375,0.42,8.413333333
2018-03-14,0.0,37.54375,21.71875,75.5875,0.0,8.833333333
2018-03-15,0.0,37.63125,20.43125,76.1,1.046666667,8.786666667
2018-03-16,0.0,36.38125,26.1375,81.1125,0.0,9.06
2018-03-17,3.25,30.60625,44.20625,97.375,0.2,11.71333333
2018-03-18,0.0,33.2125,43.1875,94.89375,0.0,8.193333333
2018-03-19,0.0,35.7375,35.7875,78.61875,0.0,8.14
2018-03-20,0.0,36.91875,22.71875,71.10625,0.0,7.273333333
2018-03-21,0.0,37.4875,23.54375,70.14375,0.26,7.526666667
2018-03-22,0.0,37.7,23.50625,76.01875,0.006666667,9.333333333
2018-03-23,0.0,37.6125,19.5125,64.625,0.0,9.5
2018-03-24,0.0,37.98125,15.45,67.2375,0.0,10.81333333
2018-03-25,0.0,38.275,15.45,94.825,0.0,7.653333333
2018-03-26,0.0,36.975,38.475,87.2625,0.0,8.173333333
2018-03-27,0.0,37.64375,25.975,86.2,0.0,7.32
2018-03-28,0.0,38.01875,19.33125,81.0125,0.02,7.74
2018-03-29,0.0,38.49375,24.225,92.03125,1.04,9.806666667
2018-03-30,0.0,38.54375,26.7875,94.43125,0.0,9.826666667
2018-03-31,0.24375,38.2125,34.23125,94.00625,0.533333333,9.84
2018-04-01,0.0,31.1625,32.575,89.31875,0.013333333,7.48
2018-04-02,0.0,32.6875,22.86875,72.8375,0.373333333,10.06
2018-04-03,0.0,37.4875,17.55625,57.03125,0.146666667,7.053333333
2018-04-04,0.0,37.25,36.55625,91.2,0.286666667,9.06
2018-04-05,35.0625,34.475,55.7625,96.7375,0.0,19.79333333
2018-04-06,0.64375,39.1625,38.05,77.3,0.06,7.9
2018-04-07,0.03125,32.2875,58.575,78.875,0.173333333,10.36666667
2018-04-08,0.05,34.03125,54.5,82.09375,0.086666667,13.58666667
2018-04-09,0.0375,33.1625,58.525,90.5375,0.06,10.64
2018-04-10,0.55,35.15,60.98125,93.7375,0.0,5.793333333
2018-04-11,0.0,34.525,44.81875,97.35625,0.1,8.386666667
2018-04-12,0.0,31.0,38.65625,89.625,0.0,6.906666667
2018-04-13,0.0,37.61875,32.1625,89.95,0.0,11.81333333
2018-04-14,0.0,37.5375,33.1625,88.4375,0.8,10.87333333
2018-04-15,0.0,37.23125,36.2875,83.34375,0.373333333,11.27333333
2018-04-16,2.225,34.44375,47.9125,90.49375,0.0,9.766666667
2018-04-17,0.0,37.8125,32.70625,75.2875,0.093333333,8.566666667
2018-04-18,0.0,38.6625,28.1625,71.11875,0.0,9.686666667
2018-04-19,0.0,39.39375,20.025,85.10625,0.0,10.28
2018-04-20,0.0,39.93125,18.8625,89.68125,0.0,10.57333333
2018-04-21,0.0,41.76875,15.96875,88.55625,0.0,12.58666667
2018-04-22,0.0,41.38125,22.98125,88.33125,0.0,9.453333333
2018-04-23,0.7875,40.53125,30.21875,77.19375,0.473333333,10.54666667
2018-04-24,0.925,41.70625,25.55,76.3,0.146666667,10.77333333
2018-04-25,1.05,41.78125,23.4125,79.71875,0.56,11.18
2018-04-26,0.0,40.69375,25.1625,81.075,0.3,9.533333333
2018-04-27,0.0,41.35,22.75625,85.2125,0.046666667,11.38
2018-04-28,0.0,41.125,20.29375,81.025,0.413333333,12.70666667
2018-04-29,0.0,39.90625,26.10625,79.0625,1.233333333,12.6
2018-04-30,0.0,41.95625,23.8875,83.1125,0.593333333,12.33333333
2018-05-01,0.0,30.7,31.3875,86.825,0.0,6.04
2018-05-02,0.0,32.58125,23.05,90.15625,0.2,8.746666667
2018-05-03,0.0,37.51875,15.08125,70.175,0.766666667,9.78
2018-05-04,0.0,37.48125,35.1375,85.39375,0.22,12.54
2018-05-05,0.0,35.5625,43.75,89.68125,0.726666667,9.846666667
2018-05-06,2.74375,39.2875,30.95,79.29375,0.0,10.48
2018-05-07,0.1125,35.3875,47.225,70.15625,0.186666667,13.08
2018-05-08,0.3,34.50625,53.19375,84.71875,0.0,13.44666667
2018-05-09,0.1,33.3,53.7125,86.99375,0.0,10.09333333
2018-05-10,0.0,34.68125,56.34375,94.8375,0.0,5.866666667
2018-05-11,0.0,34.40625,46.21875,95.10625,0.0,7.206666667
2018-05-12,0.0,31.85625,40.725,86.04375,0.0,5.333333333
2018-05-13,10.7,40.775,28.475,88.5625,0.02,14.94
2018-05-14,0.1,37.58125,31.20625,84.0125,0.0,12.35333333
2018-05-15,16.08125,39.05,35.09375,93.28125,0.0,18.04
2018-05-16,0.0,38.38125,34.09375,83.55625,0.12,7.773333333
2018-05-17,0.0,39.60625,31.16875,73.3125,0.56,8.78
2018-05-18,0.0,39.4625,34.225,78.1125,0.82,10.92666667
2018-05-19,0.0,40.725,29.1875,72.55,0.94,8.72
2018-05-20,0.0,41.75625,20.69375,72.86875,0.033333333,11.92
2018-05-21,0.0,41.04375,27.39375,69.96875,1.553333333,11.98666667
2018-05-22,0.0,39.10625,36.59375,66.60625,1.813333333,12.98666667
2018-05-23,0.0,40.90625,29.21875,69.0375,0.1,10.66666667
2018-05-24,0.0,39.56875,26.54375,69.70625,0.426666667,12.45333333
2018-05-25,0.13125,40.625,32.04375,66.51875,0.953333333,11.69333333
2018-05-26,0.0,40.3375,32.48125,80.63125,0.14,12.82
2018-05-27,0.09375,39.0375,37.275,68.43125,0.04,10.62
2018-05-28,0.0,40.0,32.9625,66.975,0.173333333,11.54
2018-05-29,0.0,41.35,27.30625,71.68125,1.313333333,10.71333333
2018-05-30,0.0,43.18125,19.79375,70.84375,0.0,12.84
2018-05-31,0.0,42.5375,25.33125,76.8375,0.173333333,11.12666667
2018-06-01,0.0,31.6875,26.9,85.8125,0.0,6.6
2018-06-02,0.0,32.45625,30.63125,92.2375,0.14,7.28
2018-06-03,0.0,36.69375,17.90625,65.80625,0.073333333,10.16666667
2018-06-04,0.26875,36.03125,42.5625,91.3,0.333333333,10.52666667
2018-06-05,0.0,38.4625,36.8875,81.3375,0.706666667,10.72666667
2018-06-06,0.06875,36.64375,42.65,77.40625,0.0,7.393333333
2018-06-07,20.50625,34.4,50.46875,97.39375,0.006666667,14.78666667
2018-06-08,0.25625,33.81875,53.7625,83.40625,0.0,12.75333333
2018-06-09,0.15,32.7,56.3375,87.025,0.393333333,10.47333333
2018-06-10,0.0,34.825,45.89375,93.79375,0.0,5.56
2018-06-11,0.0,34.24375,48.54375,96.8875,0.0,5.693333333
2018-06-12,0.0,31.1125,54.25625,92.6375,0.0,7.433333333
2018-06-13,23.475,35.60625,51.425,96.8875,0.02,18.83333333
2018-06-14,0.0,37.05625,42.70625,76.99375,0.193333333,13.36666667
2018-06-15,0.0,36.8625,41.29375,64.5375,0.326666667,13.15333333
2018-06-16,0.0,39.0375,34.3875,62.4375,0.0,13.4
2018-06-17,1.0375,38.34375,32.2,64.70625,0.0,13.65333333
2018-06-18,0.05,38.225,29.2375,57.89375,0.0,15.04666667
2018-06-19,1.01875,37.14375,36.2125,69.60625,0.466666667,14.62
2018-06-20,0.0,38.7125,32.86875,60.05,0.02,11.52666667
2018-06-21,0.05,39.5625,31.14375,66.8375,0.0,8.84
2018-06-22,18.7,38.93125,36.9625,97.4,0.0,9.24
2018-06-23,27.4,34.75,56.0625,98.18125,0.006666667,9.313333333
2018-06-24,0.05,31.63125,73.7,97.39375,0.033333333,8.08
2018-06-25,0.06875,34.50625,52.625,81.10625,0.126666667,9.833333333
2018-06-26,0.0,35.31875,49.14375,70.88125,0.96,12.88666667
2018-06-27,0.15625,34.3,49.84375,92.7625,0.0,12.76
2018-06-28,46.2625,34.4875,51.23125,97.55625,0.133333333,12.02
2018-06-29,6.15625,28.81875,84.93125,98.125,0.0,7.68
2018-06-30,3.3,32.975,65.91875,96.29375,0.0,8.26
2018-07-01,0.0,31.31875,29.0,86.31875,0.0,7.26
2018-07-02,0.0,32.625,31.55,83.25,0.006666667,8.133333333
2018-07-03,0.0,36.75625,15.64375,76.95,0.1,8.966666667
2018-07-04,0.15625,36.85,39.5875,73.18125,0.526666667,11.29333333
2018-07-05,0.0,39.26875,30.58125,78.975,0.873333333,11.93333333
2018-07-06,7.375,39.33125,35.34375,96.2625,0.06,12.30666667
2018-07-07,11.175,29.41875,76.88125,98.09375,0.28,12.08
2018-07-08,12.5875,32.8,55.075,96.94375,0.013333333,15.16666667
2018-07-09,0.1625,31.76875,58.475,85.1375,0.36,13.9
2018-07-10,0.0,34.4,49.93125,95.14375,0.0,5.626666667
2018-07-11,0.0,35.05625,45.4875,93.65,0.0,5.666666667
2018-07-12,0.1125,31.80625,54.85625,92.58125,0.06,7.486666667
2018-07-13,1.93125,28.98125,76.6625,96.4,0.04,12.20666667
2018-07-14,28.83125,30.7125,75.9375,96.70625,0.173333333,11.46
2018-07-15,10.4125,28.86875,85.91875,97.64375,0.02,10.48666667
2018-07-16,3.575,29.125,81.525,97.1125,0.726666667,10.58
2018-07-17,0.55625,29.7,78.76875,95.21875,1.746666667,16.07333333
2018-07-18,5.7125,30.7875,78.9625,95.51875,0.2,12.2
2018-07-19,0.13125,33.6375,63.06875,85.5625,0.026666667,12.74
2018-07-20,32.0125,33.5,62.84375,97.0875,0.0,11.89333333
2018-07-21,13.20625,30.125,83.65625,98.61875,0.0,9.493333333
2018-07-22,0.76875,28.525,84.26875,97.2,0.093333333,8.966666667
2018-07-23,0.5125,30.7375,77.98125,93.56875,1.08,11.48666667
2018-07-24,0.30625,32.1125,67.23125,95.1375,0.0,11.61333333
2018-07-25,4.175,32.94375,70.25625,94.8125,0.0,7.253333333
2018-07-26,0.0,33.75625,59.3625,92.29375,0.0,10.35333333
2018-07-27,0.11875,32.39375,61.93125,88.86875,0.0,14.01333333
2018-07-28,0.0875,33.88125,56.98125,82.11875,0.18,12.00666667
2018-07-29,0.1625,33.21875,60.69375,92.3,0.0,11.07333333
2018-07-30,0.01875,33.45625,56.6,84.70625,0.126666667,11.34666667
2018-07-31,0.05,34.25625,50.75625,79.19375,0.0,12.87333333
2018-08-01,0.0,31.001875,38.35625,91.2,0.0,7.22
2018-08-02,0.0375,30.48125,35.4,87.5125,0.1,5.913333333
2018-08-03,0.0,36.325,21.3625,70.8125,0.0,8.933333333
2018-08-04,12.7125,37.49375,26.4,91.23125,0.146666667,10.32666667
2018-08-05,0.0,41.10625,29.0375,75.375,0.246666667,9.493333333
2018-08-06,0.2875,35.75625,50.525,94.38125,0.353333333,11.54
2018-08-07,21.41875,27.75625,75.89375,98.05625,0.713333333,10.73333333
2018-08-08,4.33125,30.1375,74.5875,97.45625,0.0,12.64666667
2018-08-09,0.0,31.225,58.76875,95.475,0.0,11.68
2018-08-10,0.0,34.58125,47.85625,95.4625,0.0,4.9
2018-08-11,0.0,34.61875,46.19375,94.65,0.32,6.106666667
2018-08-12,0.0,30.84375,59.5375,93.05,0.0,6.446666667
2018-08-13,2.74375,28.225,86.60625,95.3875,0.326666667,11.96666667
2018-08-14,3.4875,30.36875,78.76875,96.90625,0.226666667,9.673333333
2018-08-15,0.0875,30.65625,79.16875,94.33125,1.32,11.9
2018-08-16,15.79375,28.13125,79.19375,97.61875,2.013333333,9.806666667
2018-08-17,3.55,28.775,83.35,97.36875,0.226666667,11.3
2018-08-18,0.24375,28.06875,82.3625,94.825,0.046666667,13.23333333
2018-08-19,17.11875,30.5,76.575,95.6125,0.053333333,10.85333333
2018-08-20,23.54375,27.60625,87.40625,97.2875,1.366666667,13.57333333
2018-08-21,30.65625,25.5375,82.7375,96.63125,1.26,14.84
2018-08-22,0.18125,30.43125,75.95625,95.33125,0.646666667,13.66
2018-08-23,0.06875,32.2625,70.88125,92.34375,0.066666667,11.24
2018-08-24,2.1625,31.54375,72.2375,95.0375,0.64,13.47333333
2018-08-25,0.0,32.51875,69.03125,95.5875,0.02,13.75333333
2018-08-26,0.0625,31.475,70.89375,90.21875,0.306666667,12.49333333
2018-08-27,7.96875,29.93125,77.68125,96.1375,0.286666667,9.966666667
2018-08-28,0.05,29.96875,79.74375,95.55625,0.026666667,9.98
2018-08-29,0.2875,31.2875,75.15625,96.53125,0.0,10.34
2018-08-30,0.06875,33.15625,64.025,94.1875,0.0,9.766666667
2018-08-31,0.0,33.39375,57.45,89.11875,0.526666667,10.68666667
2018-09-01,0.0,30.075,35.2125,92.2,0.0,8.053333333
2018-09-02,0.0,34.075,26.05,90.73125,0.0,6.093333333
2018-09-03,0.0,36.725,18.8125,73.15625,0.0,8.86
2018-09-04,6.48125,34.21875,43.80625,97.50625,0.0,7.28
2018-09-05,0.0,41.08125,29.73125,75.11875,0.08,11.00666667
2018-09-06,0.19375,34.325,47.8875,87.2625,0.12,7.626666667
2018-09-07,15.025,26.78125,77.775,97.43125,0.553333333,9.526666667
2018-09-08,1.99375,30.30625,75.98125,96.5625,0.106666667,11.75333333
2018-09-09,0.0,33.94375,50.825,95.83125,0.0,6.88
2018-09-10,0.0,34.66875,43.35,92.88125,0.0,5.28
2018-09-11,0.0,34.35625,45.11875,94.94375,0.0,6.086666667
2018-09-12,0.0,31.6875,52.01875,93.4,0.0,6.833333333
2018-09-13,0.95625,33.71875,60.15,96.79375,0.0,10.46666667
2018-09-14,0.01875,35.1875,49.6,90.4,0.0,6.373333333
2018-09-15,2.475,35.46875,50.65625,95.93125,0.0,6.006666667
2018-09-16,0.01875,35.54375,45.68125,92.64375,0.0,6.52
2018-09-17,0.0,35.0875,50.91875,94.03125,0.013333333,7.3
2018-09-18,10.7875,34.79375,52.4125,94.6375,0.046666667,10.06666667
2018-09-19,1.58125,33.6375,63.7625,95.9,0.0,9.506666667
2018-09-20,1.2125,30.85625,71.4625,95.26875,0.0,8.44
2018-09-21,4.4375,30.4625,74.41875,96.34375,0.0,8.946666667
2018-09-22,25.3625,25.10625,84.00625,97.40625,0.0,10.76666667
2018-09-23,0.01875,32.9,70.96875,95.68125,0.846666667,8.513333333
2018-09-24,0.01875,34.84375,56.15,95.775,0.0,6.82
2018-09-25,0.0375,34.55625,61.5125,96.1125,0.0,6.913333333
2018-09-26,0.2375,34.66875,55.31875,96.06875,0.0,5.406666667
2018-09-27,0.0,34.5625,62.0375,94.50625,0.0,7.08
2018-09-28,0.05,34.33125,59.2125,94.68125,0.0,4.673333333
2018-09-29,1.38125,34.7,57.99375,96.0625,0.0,5.7
2018-09-30,4.49375,34.875,62.7875,96.11875,0.053333333,5.02
2018-10-01,0.0,30.0125,38.90625,89.90625,0.0,6.74
2018-10-02,0.0,33.0375,41.34375,94.6625,0.0,7.893333333
2018-10-03,0.0,36.6875,24.09375,87.1,0.0,7.68
2018-10-04,0.0,35.49375,41.925,92.8625,0.033333333,10.52
2018-10-05,0.0,40.1125,33.5,78.70625,0.166666667,11.82
2018-10-06,0.49375,35.25625,47.18125,83.7875,0.4,11.56
2018-10-07,5.7,28.4375,82.5625,97.89375,0.0,11.40666667
2018-10-08,1.1875,33.19375,66.2125,94.65,0.0,11.14
2018-10-09,0.0,34.8625,46.01875,92.375,0.0,4.493333333
2018-10-10,0.0,34.3875,43.25625,88.65625,0.0,6.226666667
2018-10-11,0.0,34.18125,41.1625,94.30625,0.226666667,7.026666667
2018-10-12,0.0,30.73125,55.9,90.53125,0.013333333,9.406666667
2018-10-13,0.0,32.45625,58.8625,95.9,0.0,7.773333333
2018-10-14,0.0,34.4875,48.1,95.55625,0.0,6.733333333
2018-10-15,0.05,34.025,51.83125,94.80625,0.0,6.3
2018-10-16,0.0,33.6125,57.9,96.7625,0.0,5.286666667
2018-10-17,0.0,33.88125,54.975,96.59375,0.0,5.813333333
2018-10-18,0.0,33.975,46.89375,96.675,0.0,5.733333333
2018-10-19,0.0,34.7,41.95625,97.075,0.0,5.266666667
2018-10-20,0.0,34.61875,36.84375,93.6,0.0,5.56
2018-10-21,0.0,35.10625,39.10625,92.84375,0.0,5.5
2018-10-22,0.0,35.33125,40.35625,95.55,0.0,6.04
2018-10-23,0.0,35.8,35.95625,93.125,0.0,4.893333333
2018-10-24,0.0,35.7,42.64375,92.3875,0.0,4.8
2018-10-25,0.0,34.10625,52.625,96.58125,0.0,5.166666667
2018-10-26,0.0,34.675,27.525,90.975,0.0,7.006666667
2018-10-27,0.0,34.31875,25.6125,86.69375,0.0,6.6
2018-10-28,0.0,33.95625,23.9125,84.55,0.0,7.12
2018-10-29,0.0,33.1875,28.9375,81.95625,0.0,8.566666667
2018-10-30,0.0,32.4625,28.98125,74.7875,0.166666667,10.62666667
2018-10-31,0.0,32.8125,32.26875,82.04375,0.0,7.226666667
2018-11-01,0.0,30.86875,30.75625,86.60625,0.0,6.48
2018-11-02,0.01875,31.4625,52.06875,93.08125,0.0,8.366666667
2018-11-03,0.0,36.7125,29.36875,78.3125,0.0,7.553333333
2018-11-04,0.0,36.0875,37.16875,90.50625,0.806666667,11.41333333
2018-11-05,0.0,39.06875,33.1,75.54375,1.013333333,11.22
2018-11-06,3.60625,36.2875,46.4125,90.5375,0.526666667,14.10666667
2018-11-07,0.0,31.21875,72.675,88.35,1.693333333,12.74666667
2018-11-08,30.75,32.13125,65.78125,97.76875,0.166666667,13.76
2018-11-09,1.81875,35.175,49.1625,93.80625,0.0,7.473333333
2018-11-10,0.0,33.0375,50.05,84.0875,0.18,8.833333333
2018-11-11,0.0,33.45625,32.7875,89.0625,0.02,6.033333333
2018-11-12,0.0,30.79375,57.25625,90.34375,1.353333333,8.693333333
2018-11-13,0.0,32.14375,23.08125,75.63125,0.053333333,7.073333333
2018-11-14,0.0,33.01875,24.45,81.74375,0.293333333,6.906666667
2018-11-15,0.0,33.70625,24.975,86.9875,0.04,6.026666667
2018-11-16,0.0,33.81875,28.98125,83.975,0.24,6.393333333
2018-11-17,0.0,34.9625,28.9,91.35625,0.04,5.146666667
2018-11-18,0.9375,34.33125,48.40625,93.9875,0.04,7.206666667
2018-11-19,0.0,34.18125,54.81875,95.84375,0.426666667,6.66
2018-11-20,0.0,34.325,46.40625,93.15,0.2,7.066666667
2018-11-21,0.0,33.3625,45.7875,94.49375,0.293333333,7.013333333
2018-11-22,0.0,32.9875,34.95625,90.2375,0.186666667,9.233333333
2018-11-23,0.0,33.64375,33.31875,87.88125,0.28,6.433333333
2018-11-24,0.0,31.79375,43.35,90.825,0.133333333,4.506666667
2018-11-25,0.0,32.26875,31.3125,86.6375,0.0,6.46
2018-11-26,0.0,31.6,26.8625,86.975,0.0,6.626666667
2018-11-27,0.0,31.3375,28.40625,87.9875,0.293333333,6.753333333
2018-11-28,0.0,32.00625,34.95625,90.51875,0.266666667,6.586666667
2018-11-29,0.0,31.73125,35.8375,89.575,0.293333333,6.96
2018-11-30,0.0,32.3875,31.93125,85.825,0.333333333,6.173333333
2018-12-01,0.0,32.6875,30.8625,86.78125,0.0,5.88
2018-12-02,0.0,30.39375,48.5375,94.90625,0.606666667,11.91333333
2018-12-03,0.0,36.2,25.91875,85.2625,0.0,9.406666667
2018-12-04,0.0,37.075,27.78125,80.10625,0.0,11.04
2018-12-05,0.225,41.975,22.2625,80.2375,0.906666667,12.22666667
2018-12-06,8.35,32.2,64.08125,97.1375,0.26,12.89333333
2018-12-07,2.1875,29.11875,77.2,95.0125,0.4,10.32666667
2018-12-08,86.3125,24.84375,83.29375,94.05,1.4,12.55333333
2018-12-09,0.01875,35.5625,46.33125,94.625,0.0,6.62
2018-12-10,0.0,31.78125,49.31875,84.04375,0.253333333,10.99333333
2018-12-11,0.0,33.23125,27.0375,84.525,0.306666667,6.306666667
2018-12-12,0.0,29.575,61.25,92.78125,0.0,7.96
2018-12-13,0.0,31.3375,53.9625,92.35,0.2,7.466666667
2018-12-14,9.53125,29.8875,54.2875,94.16875,0.293333333,7.586666667
2018-12-15,0.0,25.6875,81.53125,96.14375,0.0,5.92
2018-12-16,0.0,29.59375,40.96875,88.40625,0.093333333,6.186666667
2018-12-17,4.99375,25.10625,48.875,94.33125,0.34,7.113333333
2018-12-18,8.03125,18.89375,89.9875,97.7875,1.5,8.926666667
2018-12-19,0.0,21.85,81.54375,96.39375,0.586666667,9.46
2018-12-20,0.0,27.15625,65.08125,94.3625,0.0,5.88
2018-12-21,0.0,28.01875,57.275,95.9,0.0,5.0
2018-12-22,0.0,29.59375,47.5,96.75,0.0,5.213333333
2018-12-23,0.0,29.61875,50.0125,95.73125,0.0,5.02
2018-12-24,0.0,30.13125,50.81875,96.9375,0.0,4.3
2018-12-25,0.0,29.73125,47.5625,95.5,0.0,5.086666667
2018-12-26,0.0,31.225,36.25,93.75625,0.0,5.92
2018-12-27,0.0,30.6625,56.24375,96.10625,0.526666667,8.973333333
2018-12-28,0.0,28.8875,62.2875,94.5875,0.0,5.393333333
2018-12-29,0.0,27.65,29.2375,77.8,0.0,7.746666667
2018-12-30,0.0,27.76875,32.375,82.46875,0.0,5.813333333
2018-12-31,0.0,28.0125,29.9125,85.3375,0.0,5.053333333
2019-01-01,0.0,28.445,24.27,85.535,0.0,5.95
2019-01-02,0.0,29.91,43.135,96.625,0.0,8.51
2019-01-03,0.055,32.47,37.625,92.615,0.0,8.005
2019-01-04,0.0,41.3,17.23,81.43,0.24,9.085
2019-01-05,0.0,41.38,22.845,75.135,0.225,9.735
2019-01-06,0.015,41.49,26.89,73.345,0.68,12.68
2019-01-07,11.825,30.115,74.49,97.03,0.015,13.74
2019-01-08,5.48,33.34,65.395,95.74,0.265,12.025
2019-01-09,74.59,32.33,77.32,98.635,0.035,10.395
2019-01-10,1.96,31.685,79.7,98.38,0.0,6.875
2019-01-11,2.355,30.9,80.985,98.46,0.0,5.28
2019-01-12,0.0,32.75,52.17,97.715,0.0,4.99
2019-01-13,0.0,29.47,51.62,95.59,0.035,9.07
2019-01-14,0.0,30.55,45.205,95.44,0.0,9.04
2019-01-15,0.0,31.425,42.51,95.24,0.0,7.32
2019-01-16,0.0,30.64,42.745,95.015,0.0,6.795
2019-01-17,0.0,30.855,27.41,89.375,0.0,5.575
2019-01-18,0.0,30.47,38.53,95.12,0.0,6.915
2019-01-19,0.0,31.35,37.865,96.355,0.0,6.445
2019-01-20,0.0,31.095,36.235,93.66,0.0,6.835
2019-01-21,0.0,31.965,25.745,95.53,0.0,6.355
2019-01-22,0.0,31.535,35.255,96.895,0.295,7.395
2019-01-23,0.0,30.81,40.705,95.67,0.38,10.925
2019-01-24,0.0,30.63,46.2,94.625,0.0,8.955
2019-01-25,0.0,30.415,51.675,92.9,0.295,9.16
2019-01-26,0.0,29.485,56.59,90.44,1.095,11.16
2019-01-27,16.855,28.585,62.95,96.02,0.475,10.52
2019-01-28,4.325,22.58,88.07,97.285,0.35,7.83
2019-01-29,0.0,24.825,73.835,95.96,0.015,7.93
2019-01-30,0.0,26.24,35.885,89.325,0.105,9.91
2019-01-31,0.0,27.995,32.215,90.275,0.0,7.265
2019-02-01,0.0,30.2,19.88,87.095,0.0,7.015
2019-02-02,0.0,30.96,38.7,96.61,0.0,7.58
2019-02-03,0.0,33.995,44.22,93.395,0.015,9.115
2019-02-04,0.0,39.66,25.54,89.915,0.625,10.49
2019-02-05,0.0,40.735,28.125,60.52,0.005,10.905
2019-02-06,0.0,37.515,36.105,73.36,0.0,11.78
2019-02-07,10.42,30.355,77.075,96.23,0.01,11.435
2019-02-08,69.45,31.35,75.15,98.185,0.085,11.96
2019-02-09,24.12,31.385,79.735,98.645,0.205,9.745
2019-02-10,12.96,34.12,72.13,98.08,0.12,8.845
2019-02-11,0.365,33.67,64.855,98.47,0.0,5.495
2019-02-12,0.0,31.66,58.005,96.645,0.0,4.48
2019-02-13,0.0,32.42,46.975,93.105,0.0,7.525
2019-02-14,0.0,34.04,30.13,94.565,0.005,7.98
2019-02-15,0.0,33.535,33.76,92.64,0.47,7.5
2019-02-16,0.0,33.84,36.86,92.31,0.365,11.415
2019-02-17,0.0,33.975,46.11,92.67,0.115,9.19
2019-02-18,0.0,33.68,48.455,95.14,0.0,6.97
2019-02-19,0.0,34.39,36.32,94.98,0.0,7.555
2019-02-20,0.0,34.49,48.465,92.135,1.025,9.32
2019-02-21,0.0,34.045,45.585,93.67,0.235,10.285
2019-02-22,0.0,35.07,34.8,89.775,0.035,7.47
2019-02-23,0.0,37.235,27.905,80.0,0.0,6.945
2019-02-24,0.0,37.18,26.435,68.61,0.0,4.98
2019-02-25,0.0,37.23,23.32,72.68,0.385,10.255
2019-02-26,0.0,36.925,20.16,92.445,0.01,9.125
2019-02-27,0.0,33.985,39.03,93.24,0.045,9.28
2019-02-28,2.05,32.75,49.47,95.525,0.005,7.44
2019-03-01,0.0,31.3,25.85,90.67,0.0,5.79
2019-03-02,0.0,30.9,42.535,96.12,0.0,6.97
2019-03-03,0.0,32.97,47.795,92.53,0.78,11.525
2019-03-04,0.0,38.78,21.07,90.595,1.26,10.985
2019-03-05,0.0,42.05,13.23,53.225,0.0,12.365
2019-03-06,0.275,43.3,25.34,63.635,0.98,14.865
2019-03-07,11.605,30.875,77.46,97.4,0.36,11.555
2019-03-08,46.11,25.88,91.995,98.445,1.055,11.715
2019-03-09,3.105,28.63,83.695,97.715,0.0,8.205
2019-03-10,0.39,33.855,74.91,98.625,0.0,5.55
2019-03-11,17.85,33.5,69.91,98.93,0.0,7.885
2019-03-12,4.335,27.09,81.195,98.36,0.02,8.43
2019-03-13,0.0,36.64,32.42,91.285,0.535,8.49
2019-03-14,0.0,36.935,21.205,79.515,0.595,10.57
2019-03-15,0.0,37.765,18.78,65.02,0.455,9.63
2019-03-16,0.0,37.56,18.09,69.735,0.24,12.145
2019-03-17,0.0,36.515,23.595,92.225,1.255,11.06
2019-03-18,0.0,36.04,30.905,88.85,0.94,11.955
2019-03-19,0.0,33.67,37.335,85.24,1.32,12.39
2019-03-20,0.0,36.375,38.245,88.07,0.62,11.145
2019-03-21,0.0,35.12,41.865,88.47,1.02,13.22
2019-03-22,0.0,35.88,31.555,89.285,1.625,13.145
2019-03-23,0.0,36.625,38.495,87.73,0.3,9.6
2019-03-24,0.0,37.61,31.83,84.145,0.09,7.25
2019-03-25,0.0,38.145,29.5,89.06,0.005,7.405
2019-03-26,0.0,37.905,28.685,89.33,0.01,9.165
2019-03-27,0.0,37.425,30.285,85.64,0.515,9.5
2019-03-28,0.0,38.2,26.175,85.32,0.165,8.795
2019-03-29,0.0,38.93,23.865,88.095,0.0,7.94
2019-03-30,0.0,39.03,22.915,90.48,0.075,9.18
2019-03-31,0.0,38.985,28.955,91.955,0.21,9.83
2019-04-01,0.0,31.565,30.79,93.565,0.0,6.445
2019-04-02,0.0,32.14,40.595,91.01,0.0,6.305
2019-04-03,0.0,33.925,46.385,92.445,1.11,10.395
2019-04-04,0.0,37.65,33.465,90.425,0.925,11.29
2019-04-05,0.0,39.7,14.61,34.795,0.0,10.265
2019-04-06,0.015,41.375,31.25,63.61,0.65,15.48
2019-04-07,1.85,32.16,69.505,90.965,0.025,14.03
2019-04-08,3.05,29.275,83.89,96.225,0.84,11.055
2019-04-09,2.98,29.235,85.125,97.25,0.305,7.58
2019-04-10,3.575,34.31,68.48,98.27,0.005,6.34
2019-04-11,0.22,32.66,71.67,98.575,0.0,4.32
2019-04-12,0.0,31.2,60.79,97.785,0.01,4.235
2019-04-13,6.35,40.935,21.46,80.29,0.255,13.59
2019-04-14,0.0,40.215,20.03,78.12,0.04,8.795
2019-04-15,0.0,41.035,19.93,81.01,0.295,9.145
2019-04-16,0.0,40.89,17.29,62.3,0.105,8.86
2019-04-17,0.0,39.92,15.86,72.26,0.19,9.5
2019-04-18,0.37,38.52,26.34,85.015,0.04,10.26
2019-04-19,5.635,38.55,34.66,92.335,0.24,13.56
2019-04-20,5.425,38.29,34.63,90.785,0.105,13.11
2019-04-21,1.555,37.98,39.245,91.785,0.335,16.46
2019-04-22,2.065,38.315,34.67,78.025,0.07,11.735
2019-04-23,1.095,38.42,24.19,75.01,0.05,9.58
2019-04-24,0.055,39.66,22.875,71.96,0.1,10.93
2019-04-25,0.0,40.195,21.8,74.52,0.155,9.395
2019-04-26,0.0,41.225,20.165,70.655,0.005,7.99
2019-04-27,0.0,41.575,21.52,75.09,0.15,8.81
2019-04-28,0.0,42.22,18.32,79.95,0.18,10.22
2019-04-29,0.0,41.13,22.775,82.725,1.345,10.205
2019-04-30,0.0,41.89,22.06,75.38,0.86,10.38
2019-05-01,0.0,31.29,33.705,94.175,0.0,6.805
2019-05-02,0.0,32.415,34.44,93.86,0.0,7.07
2019-05-03,0.0,36.3,40.78,90.685,0.17,10.89
2019-05-04,0.0,37.28,33.89,76.925,0.28,12.1
2019-05-05,0.0,42.14,11.895,35.24,0.0,10.995
2019-05-06,0.015,40.56,29.7,71.15,0.3,9.725
2019-05-07,0.295,35.11,53.225,82.595,0.57,14.06
2019-05-08,0.89,30.77,79.6,95.975,0.89,11.735
2019-05-09,3.405,31.355,81.15,97.605,0.16,9.37
2019-05-10,0.0,34.045,66.395,98.215,0.0,4.775
2019-05-11,0.02,33.11,61.47,98.43,0.025,5.605
2019-05-12,0.0,30.535,54.95,97.26,0.0,6.31
2019-05-13,0.01,38.505,25.365,82.32,0.455,9.56
2019-05-14,3.14,41.635,25.03,80.505,0.14,12.26
2019-05-15,0.1,40.48,26.61,83.5,0.01,10.91
2019-05-16,1.48,39.835,33.85,78.75,0.3,11.615
2019-05-17,0.0,41.81,22.92,77.42,0.185,11.02
2019-05-18,0.0,41.405,23.795,74.36,0.105,10.105
2019-05-19,0.0,42.94,15.725,75.35,0.0,10.27
2019-05-20,0.72,43.05,20.27,74.19,0.06,11.755
2019-05-21,0.0,42.18,20.315,74.725,0.455,10.035
2019-05-22,0.0,41.75,24.41,73.25,0.7,11.815
2019-05-23,0.0,42.13,23.345,71.285,0.785,11.52
2019-05-24,0.0,41.245,27.875,72.6,1.41,12.71
2019-05-25,0.0,42.475,24.005,70.985,0.315,11.615
2019-05-26,0.0,43.3,22.85,71.69,0.085,9.74
2019-05-27,0.065,44.685,16.4,70.44,0.19,10.905
2019-05-28,0.0,44.665,15.63,74.92,0.705,13.63
2019-05-29,0.0,43.725,21.135,73.07,0.285,12.015
2019-05-30,0.0,42.875,25.705,63.485,0.35,15.035
2019-05-31,0.2,38.52,38.345,81.63,0.33,12.775
2019-06-01,0.0,30.715,39.605,95.535,0.0,7.045
2019-06-02,0.0,32.66,35.45,93.495,0.0,6.57
2019-06-03,0.0,34.74,34.315,84.21,0.0,8.05
2019-06-04,0.0,38.36,24.03,88.085,0.005,7.705
2019-06-05,0.0,42.45,10.135,40.42,0.0,12.405
2019-06-06,0.0,43.18,26.045,65.3,0.29,13.11
2019-06-07,5.365,32.375,64.05,96.0,0.145,14.48
2019-06-08,12.845,32.25,76.48,98.165,0.735,10.485
2019-06-09,3.445,32.955,75.025,97.28,0.005,9.825
2019-06-10,0.235,34.415,65.435,98.155,0.19,4.64
2019-06-11,0.0,33.035,63.66,98.59,0.0,6.125
2019-06-12,0.0,30.27,52.895,96.8,0.0,4.6
2019-06-13,0.0,41.555,27.885,57.75,2.07,14.82
2019-06-14,0.0,40.65,28.805,56.135,2.145,14.465
2019-06-15,0.0,40.21,30.975,52.455,1.52,12.41
2019-06-16,0.0,40.75,24.87,49.935,0.545,14.74
2019-06-17,0.0,40.205,26.22,53.195,0.215,15.33
2019-06-18,0.715,37.35,37.655,75.005,0.065,15.1
2019-06-19,0.005,39.105,29.78,52.71,0.27,12.905
2019-06-20,0.14,40.565,27.835,60.255,0.195,12.745
2019-06-21,38.13,38.64,38.72,96.255,0.01,15.615
2019-06-22,0.025,34.205,63.96,91.885,0.02,8.57
2019-06-23,7.26,34.19,58.54,92.33,0.005,11.59
2019-06-24,3.47,32.05,74.6,96.805,0.075,6.7
2019-06-25,0.55,37.38,43.86,88.055,0.7,9.92
2019-06-26,0.09,37.65,43.425,85.765,0.385,9.835
2019-06-27,4.905,37.67,47.09,85.225,0.14,10.685
2019-06-28,2.09,37.86,42.835,81.215,0.005,12.68
2019-06-29,0.11,35.545,51.655,84.45,0.12,13.26
2019-06-30,22.545,32.45,61.785,97.115,0.16,13.01
2019-07-01,0.0,29.54,48.995,95.75,0.0,8.815
2019-07-02,0.0,31.975,40.78,91.98,0.205,8.1
2019-07-03,0.0,34.65,22.285,76.665,0.05,8.895
2019-07-04,0.0,40.21,21.54,74.71,0.005,13.72
2019-07-05,0.0,42.425,11.305,69.04,0.0,9.795
2019-07-06,0.025,41.605,30.4,65.895,0.6,15.865
2019-07-07,0.065,33.13,61.64,84.375,0.315,13.915
2019-07-08,48.91,26.86,92.755,98.935,0.31,10.34
2019-07-09,1.26,29.185,81.965,95.25,0.21,9.085
2019-07-10,13.66,34.085,68.515,99.115,0.0,8.19
2019-07-11,0.0,32.955,61.095,98.405,0.0,5.735
2019-07-12,0.0,29.845,54.71,97.945,0.0,5.755
2019-07-13,0.51,35.465,54.11,89.125,0.005,10.225
2019-07-14,2.945,35.775,54.115,94.455,0.01,10.6
2019-07-15,0.05,35.83,51.475,89.73,0.0,11.445
2019-07-16,0.05,36.355,47.54,89.08,0.095,12.185
2019-07-17,0.015,36.825,44.715,81.57,0.0,12.775
2019-07-18,0.0,37.6,42.58,76.94,0.0,12.32
2019-07-19,5.105,37.635,44.045,92.52,0.0,14.075
2019-07-20,19.605,35.94,51.95,96.37,0.0,8.675
2019-07-21,6.395,32.85,74.0,97.53,0.03,10.545
2019-07-22,0.98,36.0,55.42,95.1,0.59,10.975
2019-07-23,0.205,36.14,57.205,95.17,0.42,9.13
2019-07-24,1.755,36.17,55.04,91.13,0.22,7.3
2019-07-25,0.195,36.475,51.745,78.895,0.205,8.49
2019-07-26,32.11,34.56,58.745,98.06,0.04,11.09
2019-07-27,19.49,27.545,86.065,98.17,0.08,12.59
2019-07-28,29.19,29.32,82.305,98.23,0.015,9.71
2019-07-29,36.305,27.6,85.76,98.035,0.22,9.35
2019-07-30,16.905,27.085,88.405,97.965,0.47,8.365
2019-07-31,0.16,30.485,77.65,94.87,0.225,11.915
2019-08-01,0.0,30.31,44.14,93.5,0.075,6.59
2019-08-02,0.0,31.77,40.86,90.17,0.87,11.735
2019-08-03,0.0,35.51,26.845,87.5,0.0,7.61
2019-08-04,0.415,40.185,25.435,88.935,0.425,13.435
2019-08-05,0.0,42.805,13.415,69.53,0.09,7.935
2019-08-06,6.72,40.755,28.015,85.555,0.27,13.085
2019-08-07,13.75,35.41,50.435,96.95,0.08,15.95
2019-08-08,22.335,27.21,91.785,98.6,0.325,9.01
2019-08-09,1.2,30.3,81.96,95.36,0.115,8.34
2019-08-10,0.115,33.94,69.64,98.355,0.025,3.76
2019-08-11,0.005,32.92,57.085,98.6,0.0,5.17
2019-08-12,0.0,30.24,50.69,98.015,0.0,4.265
2019-08-13,0.9,32.9,70.185,96.08,0.09,10.385
2019-08-14,0.285,30.695,76.04,96.55,0.0,10.275
2019-08-15,0.405,32.5,76.445,97.25,0.0,7.455
2019-08-16,0.015,33.815,68.025,96.79,0.075,6.86
2019-08-17,0.01,34.52,64.83,96.145,0.0,7.875
2019-08-18,0.045,33.775,65.01,96.315,0.0,8.845
2019-08-19,21.785,29.475,86.045,98.96,0.0,7.155
2019-08-20,9.045,33.87,74.97,98.845,0.045,6.795
2019-08-21,4.45,32.13,80.645,98.305,0.0,8.905
2019-08-22,2.51,33.495,77.33,97.37,0.0,12.765
2019-08-23,17.105,32.265,77.82,98.5,0.0,12.17
2019-08-24,5.2,28.49,85.75,97.565,0.24,10.465
2019-08-25,1.03,33.135,70.89,96.72,0.22,9.075
2019-08-26,1.125,33.135,69.52,97.67,0.155,10.435
2019-08-27,0.49,33.615,69.835,96.88,0.005,8.625
2019-08-28,0.01,34.23,55.745,93.77,0.0,8.695
2019-08-29,0.015,34.73,56.81,96.585,0.0,7.59
2019-08-30,4.44,35.205,59.32,95.565,0.08,7.165
2019-08-31,13.14,34.22,70.465,98.565,0.03,9.79
2019-09-01,0.0,29.195,31.73,84.26,0.0,7.49
2019-09-02,0.0,29.935,52.295,94.98,0.0,8.61
2019-09-03,0.0,36.445,27.41,92.93,0.005,7.89
2019-09-04,0.0,38.63,25.36,90.22,1.205,11.39
2019-09-05,0.0,42.095,15.27,55.18,0.0,10.44
2019-09-06,0.0,38.575,34.765,74.56,0.435,9.36
2019-09-07,12.755,35.54,54.435,97.2,0.155,14.595
2019-09-08,11.605,30.795,79.42,97.66,0.33,11.555
2019-09-09,8.865,32.265,77.745,98.61,0.0,9.75
2019-09-10,0.655,33.255,74.235,98.86,0.0,5.045
2019-09-11,0.0,32.125,60.09,98.11,0.015,6.63
2019-09-12,0.0,30.785,55.995,97.925,0.01,4.75
2019-09-13,0.175,29.45,81.13,97.315,0.0,8.325
2019-09-14,1.295,32.74,74.765,97.705,0.045,7.285
2019-09-15,8.5,34.215,65.975,98.51,0.0,8.38
2019-09-16,3.33,32.765,76.11,98.445,0.0,7.56
2019-09-17,2.415,32.61,78.005,98.36,0.0,7.65
2019-09-18,13.715,33.605,77.705,98.86,0.0,11.035
2019-09-19,10.23,32.415,78.78,99.03,0.0,7.59
2019-09-20,6.63,33.29,77.64,98.79,0.0,8.32
2019-09-21,10.73,33.715,72.39,98.865,0.0,6.05
2019-09-22,6.8,33.66,74.77,94.085,0.14,7.66
2019-09-23,6.85,34.24,72.88,98.64,0.0,6.565
2019-09-24,4.37,34.075,74.35,98.525,0.0,7.39
2019-09-25,13.44,32.45,78.81,99.06,0.0,6.205
2019-09-26,5.865,31.55,83.49,98.415,0.76,9.565
2019-09-27,6.565,29.08,86.365,97.68,0.38,10.54
2019-09-28,0.425,32.265,77.455,98.285,0.005,7.815
2019-09-29,0.04,32.74,76.945,97.89,0.015,8.34
2019-09-30,6.42,33.83,73.62,98.235,0.0,9.895
2019-10-01,0.0,30.465,20.095,88.29,0.0,7.52
2019-10-02,0.0,28.485,27.84,59.345,0.475,11.2
2019-10-03,0.0,35.845,39.765,92.26,0.515,10.675
2019-10-04,0.0,38.33,36.96,87.04,0.925,11.49
2019-10-05,0.0,42.9,10.56,54.645,0.0,10.525
2019-10-06,0.0,42.0,27.08,62.085,0.63,8.865
2019-10-07,5.76,34.02,62.24,97.105,0.0,10.525
2019-10-08,0.0,32.47,73.79,93.905,0.2,11.01
2019-10-09,4.815,32.96,73.13,97.48,0.07,9.24
2019-10-10,3.13,33.88,68.535,98.675,0.0,6.42
2019-10-11,0.0,31.725,53.44,96.07,0.0,7.485
2019-10-12,0.0,31.18,52.16,97.425,0.0,5.045
2019-10-13,0.0,33.81,67.34,98.995,0.0,4.89
2019-10-14,0.075,33.97,71.945,98.605,0.0,6.015
2019-10-15,0.305,33.22,75.44,98.605,0.0,5.885
2019-10-16,6.785,32.785,72.855,98.14,0.005,5.155
2019-10-17,4.915,30.565,81.61,98.94,0.23,6.455
2019-10-18,11.605,33.57,66.75,98.855,0.23,8.435
2019-10-19,59.275,33.44,69.8,98.865,0.215,8.55
2019-10-20,13.16,32.16,76.855,98.94,0.22,7.34
2019-10-21,16.125,32.825,73.35,98.49,0.205,7.16
2019-10-22,0.92,32.58,69.905,98.535,0.0,4.995
2019-10-23,6.285,31.43,80.585,97.88,0.0,5.31
2019-10-24,7.94,31.51,77.77,98.615,0.0,7.78
2019-10-25,28.48,32.35,77.7,98.67,0.0,7.25
2019-10-26,2.87,32.77,70.2,98.65,0.0,5.795
2019-10-27,0.0,33.48,68.83,98.57,0.07,7.105
2019-10-28,0.005,33.415,67.745,98.595,0.0,6.355
2019-10-29,11.59,33.73,68.5,98.27,0.0,6.485
2019-10-30,2.64,32.585,77.01,98.745,0.0,6.83
2019-10-31,12.475,32.03,78.365,98.635,0.0,8.5
2019-11-01,0.0,30.78,30.255,92.415,0.0,6.785
2019-11-02,0.0,31.385,32.99,79.76,0.01,7.115
2019-11-03,0.0,36.475,36.745,91.625,0.74,10.145
2019-11-04,0.0,39.67,25.915,87.05,0.06,11.025
2019-11-05,0.0,43.205,14.075,59.22,0.105,11.22
2019-11-06,0.0,41.255,29.96,73.555,1.095,12.065
2019-11-07,1.22,35.17,55.155,89.895,0.045,12.175
2019-11-08,0.005,33.72,69.61,93.19,0.0,8.795
2019-11-09,0.775,33.665,68.51,96.355,0.145,8.725
2019-11-10,12.425,33.175,73.705,98.665,0.0,6.73
2019-11-11,0.0,31.81,56.46,97.58,0.02,7.475
2019-11-12,0.0,31.7,50.685,97.59,0.0,5.28
2019-11-13,0.0,31.99,48.91,98.17,0.0,6.995
2019-11-14,0.0,31.84,53.495,98.22,0.0,4.34
2019-11-15,0.0,31.445,55.84,98.115,0.0,4.29
2019-11-16,0.0,32.44,53.22,97.875,-0.045,3.11
2019-11-17,0.0,32.89,51.88,97.63,0.015,4.685
2019-11-18,0.0,32.24,54.18,95.305,0.1,6.325
2019-11-19,0.0,32.23,51.065,97.99,0.0,5.675
2019-11-20,0.0,33.035,52.185,98.635,0.01,4.4
2019-11-21,0.0,32.175,55.275,98.42,0.0,5.12
2019-11-22,0.0,31.57,56.47,98.52,0.0,5.255
2019-11-23,0.0,32.54,49.815,98.48,0.0,4.815
2019-11-24,0.0,31.75,48.12,98.23,0.045,5.01
2019-11-25,0.0,30.965,53.175,98.085,0.0,5.14
2019-11-26,0.0,31.615,53.75,98.635,0.0,6.635
2019-11-27,0.0,31.385,52.985,98.245,0.01,5.985
2019-11-28,0.0,31.42,47.945,97.765,0.0,4.685
2019-11-29,0.0,31.375,56.77,98.065,0.0,5.68
2019-11-30,0.0,32.165,54.88,98.12,0.0,5.705
2019-12-01,0.0,30.01,46.955,96.14,0.0,8.12
2019-12-02,0.0,32.21,48.925,94.145,0.0,9.68
2019-12-03,0.0,36.505,34.125,86.005,0.53,11.11
2019-12-04,0.0,42.035,15.21,76.95,0.105,9.69
2019-12-05,1.125,40.585,29.0,64.745,0.095,14.36
2019-12-06,0.0,41.29,27.085,57.155,0.67,11.285
2019-12-07,8.51,35.3,54.87,94.885,0.025,11.9
2019-12-08,0.845,33.615,67.09,94.4,0.01,11.295
2019-12-09,3.3,33.59,66.275,97.02,0.08,9.495
2019-12-10,21.4,33.825,67.655,98.395,0.04,7.33
2019-12-11,0.0,32.765,56.14,97.655,0.03,5.275
2019-12-12,0.0,31.395,46.51,97.695,0.0,5.275
2019-12-13,0.0,31.01,45.045,96.545,0.025,8.35
2019-12-14,0.0,30.73,52.66,96.76,0.0,8.49
2019-12-15,0.0,31.84,52.4,97.625,0.0,7.065
2019-12-16,0.0,31.04,46.545,97.125,0.0,8.925
2019-12-17,0.0,31.195,44.86,97.275,0.0,5.75
2019-12-18,0.0,30.625,52.855,98.37,0.005,5.28
2019-12-19,0.0,30.175,55.355,97.97,0.0,3.75
2019-12-20,0.0,30.32,50.475,97.935,0.005,3.88
2019-12-21,0.0,30.15,44.995,96.79,0.0,4.62
2019-12-22,0.0,30.55,49.415,97.22,0.0,4.995
2019-12-23,0.0,30.595,46.78,97.785,0.0,8.145
2019-12-24,0.0,28.625,56.72,97.07,0.0,7.45
2019-12-25,0.0,30.09,46.705,96.06,0.015,8.89
2019-12-26,0.0,30.445,50.205,95.15,0.0,9.07
2019-12-27,0.0,28.745,63.23,96.03,0.0,8.415
2019-12-28,0.0,29.245,62.37,91.15,0.095,6.7
2019-12-29,0.0,28.145,49.06,81.91,0.015,6.77
2019-12-30,0.0,28.19,42.79,92.79,0.015,4.545
2019-12-31,0.0,29.01,51.815,93.645,0.0,8.53
2020-01-01,0.0,27.32840909,63.05880682,95.35852273,0.0,9.892045455
2020-01-02,0.0,30.86534091,55.87386364,93.87215909,0.0,6.478977273
2020-01-03,0.0,32.95454545,47.19971591,95.89630682,0.0,10.55738636
2020-01-04,0.0,38.07443182,35.60028409,77.10369318,0.5698443896907136,6.586931818
2020-01-05,1.482670455,39.21846591,31.14261364,80.73295455,0.5698443896907136,11.37443182
2020-01-06,0.694034091,37.86960227,46.62443182,85.12755682,0.561647727,17.36278409
2020-01-07,5.843465909,36.52073864,58.52670455,97.47088068,0.0,9.442329545
2020-01-08,0.668465909,35.18892045,65.20568182,96.83423295,0.0,7.830113636
2020-01-09,0.00625,35.14715909,62.503125,96.43607955,0.16875,8.558806818
2020-01-10,2.284090909,32.97556818,76.81732955,96.62840909,8.486647727,0.113920455
2020-01-11,0.0,32.10539773,48.81534091,93.37017045,7.682102273,0.115625
2020-01-12,0.0,32.48352273,49.75880682,97.80539773,6.182102273,0.0
2020-01-13,0.0,29.21363636,35.26590909,91.57386364,0.0,6.3
2020-01-14,0.0,30.77073864,33.13465909,93.99715909,0.0,5.55
2020-01-15,0.0,30.51079545,53.45454545,97.77982955,0.0,8.141193182
2020-01-16,0.0,30.16818182,47.72102273,98.13096591,0.0,9.600852273
2020-01-17,0.0,29.93409091,50.89715909,96.36051136,0.0,10.15255682
2020-01-18,0.0,30.29772727,51.42443182,96.00625,0.0,10.37073864
2020-01-19,0.0,30.82443182,54.11193182,96.41022727,0.0,10.57301136
2020-01-20,0.0,30.95340909,53.16846591,97.221875,0.0,9.007670455
2020-01-21,0.0,30.91022727,55.47357955,97.41704545,0.0,6.399431818
2020-01-22,0.0,30.840625,53.934375,95.31505682,0.0,10.23892045
2020-01-23,0.0,31.82670455,48.32869318,95.11363636,0.0,9.896022727
2020-01-24,0.0,31.90454545,44.14829545,96.04261364,0.0,7.670454545
2020-01-25,0.0,32.19261364,44.69460227,95.97698864,0.0,5.247443182
2020-01-26,0.0,32.74772727,38.35454545,95.96647727,0.0,5.014772727
2020-01-27,0.0,32.57585227,42.89914773,95.19318182,0.0,5.611647727
2020-01-28,0.0,34.21505682,34.28948864,95.05340909,0.0,10.13267045
2020-01-29,0.0,32.62897727,44.59176136,94.33806818,0.0,12.47414773
2020-01-30,0.0,31.68323864,56.91505682,95.76505682,0.0,9.483238636
2020-01-31,0.0,29.78522727,57.84715909,90.096875,0.0,6.684943182
2020-02-01,0.025,30.27244318,58.71164773,96.43636364,0.0,10.34375
2020-02-02,0.0,31.49971591,54.26193182,91.85284091,0.0,11.49375
2020-02-03,0.009375,33.11903409,44.21761364,93.3125,0.0,11.47244318
2020-02-04,0.0,38.35596591,31.57528409,77.65454545,0.5698443896907136,6.571022727
2020-02-05,0.0,38.775,34.52159091,80.471875,0.5698443896907136,10.71221591
2020-02-06,0.294886364,37.34971591,42.51988636,82.83181818,0.189488636,10.60340909
2020-02-07,10.46704545,35.42826705,63.45284091,98.45482955,0.0,10.40965909
2020-02-08,6.117045455,32.33991477,75.28764205,98.76690341,0.0,7.925284091
2020-02-09,0.0,34.32471591,68.46107955,96.15482955,0.067045455,9.317613636
2020-02-10,0.0,33.71960227,72.69176136,97.05454545,8.086931818,0.009090909
2020-02-11,0.0,33.10113636,43.221875,92.33693182,6.692897727,0.125
2020-02-12,0.0,31.56022727,47.18380682,97.59460227,7.532102273,0.0
2020-02-13,0.0,31.378125,55.21022727,95.79545455,0.0,5.693181818
2020-02-14,0.0,31.38778409,37.81590909,88.51392045,0.0,8.377556818
2020-02-15,0.0,33.40227273,31.59176136,91.43863636,0.0,5.460795455
2020-02-16,0.0,33.45340909,38.49119318,92.12926136,0.0,5.405113636
2020-02-17,0.0,34.24431818,33.253125,95.09431818,0.0,5.515909091
2020-02-18,0.0,34.04517045,33.46761364,89.70142045,0.0,5.982386364
2020-02-19,0.0,33.8375,26.29886364,95.55539773,0.0,5.228125
2020-02-20,0.0,33.05255682,42.06079545,96.41448864,0.0,8.966477273
2020-02-21,0.0,31.66960227,52.06221591,94.465625,0.0,11.60767045
2020-02-22,0.0,31.93068182,46.61022727,92.91193182,0.0,11.25340909
2020-02-23,0.0,32.64403409,43.4125,96.19090909,0.0,9.817897727
2020-02-24,0.0,32.82102273,46.54403409,96.00028409,0.0,11.24005682
2020-02-25,0.0,33.1,42.86789773,93.76534091,0.0,12.51477273
2020-02-26,0.0,31.97613636,53.66988636,92.44659091,0.0,11.42102273
2020-02-27,0.0,32.33380682,40.10965909,80.48125,0.0,6.957102273
2020-02-28,0.0,32.909375,27.14431818,95.04971591,0.0,7.749431818
2020-02-29,0.0,33.14431818,40.71789773,96.809375,0.0,8.832386364
2020-03-01,0.0,29.42642045,65.2,95.06818182,0.0,9.900568182
2020-03-02,0.0,30.88977273,50.90369318,93.26193182,0.0,9.300568182
2020-03-03,0.0,33.26164773,49.52954545,95.82897727,0.0,9.315056818
2020-03-04,0.0,38.33806818,30.57130682,82.14602273,0.5698443896907136,9.278977273
2020-03-05,0.0,38.93181818,36.06363636,81.82017045,0.5698443896907136,12.09772727
2020-03-06,23.60142045,38.06221591,37.91221591,97.20909091,0.010795455,12.00909091
2020-03-07,2.857102273,35.42315341,63.45071023,95.12372159,0.003125,8.851988636
2020-03-08,19.16079545,34.96605114,69.75539773,97.67428977,0.003125,9.316193182
2020-03-09,6.028125,33.08210227,74.98238636,97.62471591,0.125,8.115625
2020-03-10,0.0,34.05255682,68.54318182,96.571875,8.413636364,0.003125
2020-03-11,0.0,33.41619318,52.540625,92.425,6.551704545,0.130965909
2020-03-12,0.0,31.21704545,42.94943182,96.28465909,9.879829545,0.0
2020-03-13,0.0,33.43977273,56.98551136,93.87443182,0.0,11.32017045
2020-03-14,0.0,34.36931818,50.95965909,95.45255682,0.0,13.33494318
2020-03-15,0.0,33.40426136,47.68238636,96.42784091,0.0,9.527556818
2020-03-16,0.0,34.18323864,42.60028409,96.23068182,0.0,9.1375
2020-03-17,0.0,34.91363636,44.10909091,95.584375,0.0,9.845454545
2020-03-18,0.0,35.99147727,42.4875,92.89204545,0.0,9.604829545
2020-03-19,0.920454545,36.52017045,35.12926136,92.66988636,0.0,9.138636364
2020-03-20,2.434375,36.62755682,38.88806818,88.08011364,0.0,12.89005682
2020-03-21,1.917045455,35.42017045,44.14659091,93.58522727,0.0,9.863352273
2020-03-22,0.0,34.85625,51.0375,95.74602273,0.0,10.90965909
2020-03-23,0.563352273,35.70880682,42.81022727,95.32755682,0.0,9.930681818
2020-03-24,0.0,34.83125,49.8125,93.64829545,0.0,10.93153409
2020-03-25,0.0,36.15369318,39.42102273,93.146875,0.0,9.388352273
2020-03-26,0.221875,35.94147727,44.13977273,90.27244318,0.0,8.711931818
2020-03-27,0.09375,36.1,39.90880682,81.77301136,0.0,7.560511364
2020-03-28,0.0,36.95909091,32.35596591,72.94318182,0.0,9.520170455
2020-03-29,0.0,37.45397727,28.14886364,81.74971591,0.0,5.978409091
2020-03-30,0.0,38.203125,29.98693182,75.996875,0.0,8.96875
2020-03-31,0.0,36.93068182,38.41221591,80.61022727,0.0,7.536079545
2020-04-01,0.232954545,27.20511364,76.146875,97.61164773,0.0,8.435795455
2020-04-02,0.0,31.32869318,53.71051136,95.17755682,0.0,9.567897727
2020-04-03,0.0,34.10113636,49.43153409,91.70909091,0.0,10.35710227
2020-04-04,0.0,33.28636364,49.40397727,92.53693182,0.5698443896907136,9.003409091
2020-04-05,0.0,41.11647727,29.590625,84.88579545,0.5698443896907136,11.93011364
2020-04-06,0.009375,36.23892045,48.875,84.89346591,1.641193182,12.40539773
2020-04-07,43.94261364,33.76335227,68.93366477,98.72457386,0.0,10.90681818
2020-04-08,3.553977273,32.57315341,72.01732955,95.16875,0.040340909,10.25369318
2020-04-09,2.5375,35.21931818,62.94005682,97.65625,0.05,6.17969697
2020-04-10,0.00625,34.61931818,60.02642045,91.89261364,8.71875,0.26875
2020-04-11,0.0,33.31392045,53.52073864,88.71392045,7.284943182,0.003125
2020-04-12,0.0,31.39232955,46.4375,94.48778409,5.101136364,0.0
2020-04-13,0.0,38.80113636,28.98664773,79.82670455,0.5698443896907136,8.915625
2020-04-14,0.0,38.68778409,21.31818182,70.82215909,0.5698443896907136,9.463352273
2020-04-15,0.196875,38.71818182,20.26875,83.55539773,0.5698443896907136,8.759943182
2020-04-16,0.0,38.02272727,23.03892045,79.00426136,0.5698443896907136,8.962784091
2020-04-17,0.0,38.36903409,28.09375,88.18295455,0.5698443896907136,9.901136364
2020-04-18,0.0,38.32130682,33.20965909,90.20142045,0.5698443896907136,10.84801136
2020-04-19,0.207954545,37.92357955,35.81136364,85.41335227,0.5698443896907136,10.91363636
2020-04-20,0.0,35.540625,40.10170455,83.03210227,0.5698443896907136,7.88125
2020-04-21,0.0,38.33693182,34.48977273,83.934375,0.5698443896907136,9.068465909
2020-04-22,0.068181818,38.24517045,33.43607955,86.49005682,0.5698443896907136,12.20568182
2020-04-23,0.0,38.33607955,32.81903409,87.06164773,0.5698443896907136,13.84573864
2020-04-24,0.0,39.04375,35.73977273,87.73806818,0.5698443896907136,12.46022727
2020-04-25,2.601988636,38.74289773,38.46875,89.23238636,0.5698443896907136,15.13096591
2020-04-26,0.0,38.45539773,37.24971591,84.96335227,0.5698443896907136,12.74971591
2020-04-27,8.901136364,38.22386364,40.51107955,91.74261364,0.5698443896907136,12.92443182
2020-04-28,0.915625,37.8,40.86079545,86.80994318,0.5698443896907136,12.78011364
2020-04-29,6.677556818,37.71761364,39.22102273,91.81590909,0.5698443896907136,14.77073864
2020-04-30,0.009090909,38.07528409,35.46704545,85.06647727,0.5698443896907136,9.920454545
2020-05-01,0.0,25.78409091,79.86363636,97.70994318,0.0,6.572159091
2020-05-02,0.0,32.36534091,53.26107955,95.71647727,0.0,11.96448864
2020-05-03,0.0,34.96590909,44.01761364,92.33551136,0.0,9.880965909
2020-05-04,0.0,35.13380682,39.58153409,92.11136364,0.5698443896907136,7.615056818
2020-05-05,2.755113636,40.48096591,35.03181818,85.55340909,0.5698443896907136,16.79261364
2020-05-06,0.0,35.80397727,43.96079545,72.43068182,0.451420455,15.45028409
2020-05-07,4.402556818,31.76974432,80.09389205,97.44204545,0.055965909,8.539772727
2020-05-08,3.957954545,30.815625,76.54247159,96.89417614,0.099431818,10.62840909
2020-05-09,0.009375,34.80909091,63.44147727,96.72244318,0.0,9.892045455
2020-05-10,0.0,33.92698864,59.82414773,88.99914773,8.478125,0.290340909
2020-05-11,0.0,31.72357955,39.90539773,91.83863636,7.011931818,0.0
2020-05-12,0.0,31.72840909,40.35369318,95.79176136,5.958806818,0.0
2020-05-13,0.0,39.74318182,29.67897727,82.84829545,0.5698443896907136,11.39176136
2020-05-14,0.0,39.29602273,31.675,81.45625,0.5698443896907136,9.510511364
2020-05-15,0.371875,39.36193182,34.59914773,74.97017045,0.5698443896907136,11.83863636
2020-05-16,0.059090909,39.62784091,30.29886364,76.73494318,0.5698443896907136,10.04488636
2020-05-17,0.362784091,39.70369318,31.76335227,78.27840909,0.5698443896907136,13.35880682
2020-05-18,3.446875,39.21335227,33.79630682,75.03636364,0.5698443896907136,12.17414773
2020-05-19,1.145738636,40.58125,29.96647727,77.23977273,0.5698443896907136,10.36761364
2020-05-20,0.0,39.52102273,25.68522727,62.67244318,0.5698443896907136,13.03238636
2020-05-21,0.0,41.88664773,13.24119318,52.52585227,0.5698443896907136,12.49630682
2020-05-22,0.0,42.65482955,8.500852273,49.61363636,0.5698443896907136,13.79971591
2020-05-23,0.0,43.21448864,10.34261364,77.40113636,0.5698443896907136,10.52982955
2020-05-24,0.0,43.25681818,18.46420455,82.68778409,0.5698443896907136,10.98352273
2020-05-25,0.0,42.48607955,26.44545455,85.05085227,0.5698443896907136,11.66761364
2020-05-26,0.0,41.85340909,30.55227273,82.92528409,0.5698443896907136,13.11903409
2020-05-27,0.0,41.40795455,34.34857955,82.45511364,0.5698443896907136,12.33806818
2020-05-28,0.04375,42.04375,31.11505682,81.29886364,0.5698443896907136,13.28863636
2020-05-29,0.0,43.10681818,21.08920455,77.49232955,0.5698443896907136,13.45170455
2020-05-30,12.51704545,42.315625,26.78125,90.78125,0.5698443896907136,17.25
2020-05-31,0.134090909,36.80454545,43.93068182,89.83664773,0.5698443896907136,11.31732955
2020-06-01,0.0,28.21136364,52.84403409,92.39119318,0.0,9.301136364
2020-06-02,0.0,32.66164773,47.03096591,92.80710227,0.0,11.41392045
2020-06-03,7.915056818,32.84119318,56.60738636,95.49829545,0.0,10.63039773
2020-06-04,0.0,35.93096591,40.46022727,89.56448864,0.5698443896907136,11.19971591
2020-06-05,0.0,39.57727273,34.28352273,86.50539773,0.5698443896907136,12.95909091
2020-06-06,0.009375,37.82670455,34.89431818,65.86392045,0.021590909,11.43664773
2020-06-07,33.80397727,29.23068182,87.85738636,98.78039773,0.096875,10.63551136
2020-06-08,2.868465909,31.42528409,82.38579545,95.93167614,0.209375,9.769886364
2020-06-09,0.345738636,34.64034091,67.578125,97.25085227,0.0,8.695454545
2020-06-10,0.085511364,33.27869318,62.53778409,95.41107955,8.661931818,0.084375
2020-06-11,0.0,32.82670455,39.91647727,88.52102273,5.488920455,0.009375
2020-06-12,0.0,31.86392045,33.00369318,94.82869318,7.326136364,0.0
2020-06-13,1.803409091,31.84914773,77.36903409,95.66278409,0.0125,9.064488636
2020-06-14,0.0,34.73863636,62.49943182,89.67386364,0.0125,8.232102273
2020-06-15,0.166193182,35.31335227,57.95028409,91.41676136,0.065340909,9.838068182
2020-06-16,8.812784091,35.57897727,56.66079545,97.85909091,0.013920455,11.65511364
2020-06-17,18.42897727,34.11903409,66.853125,98.27897727,0.180965909,13.48068182
2020-06-18,0.872443182,32.06818182,76.18267045,94.03806818,0.0125,10.41278409
2020-06-19,9.21875,34.89204545,60.04176136,97.58295455,0.075,11.79602273
2020-06-20,0.228693182,34.04318182,69.28125,95.42869318,0.171022727,11.96505682
2020-06-21,5.582670455,34.715625,64.78664773,96.97585227,0.358522727,14.51619318
2020-06-22,0.045454545,32.2625,70.16335227,92.17727273,0.245738636,11.865625
2020-06-23,8.039488636,32.28153409,70.65994318,94.95823864,0.009375,10.20795455
2020-06-24,0.143181818,35.03664773,56.84772727,95.49346591,0.0,10.34829545
2020-06-25,0.018181818,37.56761364,52.59119318,90.63693182,0.060795455,8.447159091
2020-06-26,0.013636364,37.13494318,51.85284091,92.91335227,0.681818182,10.55198864
2020-06-27,0.0,35.98068182,54.84545455,92.02784091,0.009375,8.382102273
2020-06-28,0.170170455,37.01647727,51.08551136,92.08181818,0.05,9.814204545
2020-06-29,4.032386364,36.4375,57.16818182,94.12272727,0.078977273,8.558522727
2020-06-30,10.29204545,35.7125,61.00454545,96.85284091,0.0,8.520738636
2020-07-01,0.0,30.55710227,52.86051136,95.16221591,0.0,5.846590909
2020-07-02,0.0,32.76420455,46.18210227,90.97869318,0.0,12.45852273
2020-07-03,0.0125,32.70511364,62.64602273,95.13323864,0.0,12.8125
2020-07-04,0.009090909,36.40965909,40.75454545,88.98892045,0.5698443896907136,9.142329545
2020-07-05,0.0,38.99829545,39.74545455,85.23181818,0.5698443896907136,13.50965909
2020-07-06,0.0,38.62130682,31.43323864,65.12301136,0.01875,13.34801136
2020-07-07,0.018465909,31.49389205,81.13778409,96.978125,0.387784091,8.192329545
2020-07-08,0.697727273,33.64517045,74.94346591,95.81619318,0.409090909,10.88664773
2020-07-09,0.013636364,35.20198864,64.86335227,95.42556818,0.007670455,9.334375
2020-07-10,3.725284091,33.63380682,61.16931818,96.00340909,7.992329545,0.004545455
2020-07-11,0.0,32.89659091,53.33238636,93.10511364,4.263068182,0.004545455
2020-07-12,0.0,32.04971591,37.99772727,96.08551136,5.140625,0.0
2020-07-13,7.087784091,33.4890625,72.6203125,98.70738636,0.0,9.221875
2020-07-14,3.429829545,31.58693182,82.8203125,98.78252841,0.003125,7.307670455
2020-07-15,36.29545455,31.90795455,80.66264205,98.86534091,0.0,7.454829545
2020-07-16,11.00284091,31.23565341,84.39488636,98.67627841,0.115625,7.786931818
2020-07-17,0.051988636,30.39076705,81.85411932,95.884375,0.387215909,8.085227273
2020-07-18,0.268181818,33.52911932,70.54985795,94.61363636,0.040625,7.699431818
2020-07-19,9.269034091,34.80994318,63.896875,97.9203125,0.0125,8.621306818
2020-07-20,17.01392045,34.21065341,74.8515625,98.9015625,0.01875,8.427272727
2020-07-21,3.575284091,34.92911932,73.3703125,98.46789773,0.053125,8.454829545
2020-07-22,0.4625,35.303125,63.37372159,97.02613636,0.01875,8.194318182
2020-07-23,26.48323864,33.84360795,73.59573864,98.4140625,0.1,9.338068182
2020-07-24,3.45625,29.28821023,85.87926136,98.3484375,0.05,5.096875
2020-07-25,0.75,33.40909091,72.70014205,96.91534091,0.003125,7.395170455
2020-07-26,3.859090909,33.17215909,73.9421875,98.52201705,0.015625,7.295738636
2020-07-27,0.138636364,35.92840909,56.56363636,95.20198864,0.0,7.138352273
2020-07-28,0.0,35.19659091,61.33551136,96.19289773,0.0125,8.825852273
2020-07-29,8.987215909,34.88821023,67.50909091,99.06576705,0.0,9.460795455
2020-07-30,2.567897727,34.25880682,69.35710227,97.98224432,0.0,5.969602273
2020-07-31,0.0,35.55894886,60.37684659,95.36690341,0.012215909,7.494886364
2020-08-01,0.0,30.02443182,59.74346591,93.86647727,0.0,9.176704545
2020-08-02,0.0,31.38238636,53.51818182,92.64602273,0.0,12.44318182
2020-08-03,3.108522727,31.37698864,67.34431818,96.93295455,0.0,13.68977273
2020-08-04,0.009375,37.45511364,38.60994318,87.80823864,0.5698443896907136,9.831534091
2020-08-05,0.0,37.99744318,39.21079545,80.01221591,0.5698443896907136,11.28721591
2020-08-06,0.009090909,38.24517045,36.58721591,65.63863636,0.003125,13.09460227
2020-08-07,0.0,34.18423295,70.14602273,92.67911932,0.003125,11.06335227
2020-08-08,1.253125,34.9796875,66.41392045,94.14019886,0.149715909,9.340909091
2020-08-09,0.026136364,35.68778409,59.98409091,96.70170455,0.0,5.80969697
2020-08-10,10.36136364,28.52215909,86.56505682,98.45965909,6.780965909,0.031818182
2020-08-11,0.0,32.74289773,52.66221591,91.16903409,6.56875,0.003125
2020-08-12,0.0,31.99346591,37.14602273,96.45085227,7.859659091,0.0
2020-08-13,44.96732955,27.91633523,90.77244318,98.35028409,0.111931818,10.32613636
2020-08-14,65.63664773,25.63110795,95.89928977,98.81392045,1.228125,9.878977273
2020-08-15,167.9238636,24.91690341,91.87400568,98.82130682,0.377272727,9.969318182
2020-08-16,96.44630682,25.59573864,88.55255682,98.88707386,0.291212121,9.734848485
2020-08-17,74.03863636,26.0,95.48892045,99.08821023,0.100568182,9.379261364
2020-08-18,12.56335227,28.27159091,89.29857955,98.31590909,0.021428571,8.550324675
2020-08-19,14.87215909,31.64190341,77.67329545,98.24019886,0.057575758,10.50939394
2020-08-20,88.49488636,27.08181818,92.04801136,98.43636364,0.084545455,8.228787879
2020-08-21,52.94176136,26.13835227,92.01207386,98.31960227,0.171428571,8.51461039
2020-08-22,10.72386364,30.60596591,83.58068182,98.23082386,0.039090909,8.713333333
2020-08-23,0.14375,32.72556818,75.62144886,96.18792614,0.04375,8.688636364
2020-08-24,4.909090909,33.82386364,70.78863636,96.57116477,0.01,8.268787879
2020-08-25,0.228125,34.29573864,66.49602273,96.27784091,0.133522727,9.012784091
2020-08-26,0.364204545,33.70383523,69.21988636,96.64644886,0.090625,9.638068182
2020-08-27,20.64375,31.08849432,79.13125,98.44332386,0.178125,9.48125
2020-08-28,5.166761364,28.78877841,86.09133523,97.79133523,0.003125,8.595738636
2020-08-29,0.659090909,32.55497159,73.31803977,96.59105114,0.1,11.15284091
2020-08-30,8.535511364,34.10355114,69.29928977,97.18678977,0.053125,9.869602273
2020-08-31,0.203125,34.9828125,65.62826705,96.53338068,0.06875,7.951988636
2020-09-01,0.0,28.56278409,65.55284091,95.81903409,0.0,10.81846591
2020-09-02,12.91221591,29.12443182,68.19517045,98.26363636,0.0,10.69744318
2020-09-03,0.074715909,33.11619318,59.49602273,92.52954545,0.0,8.857670455
2020-09-04,0.0,37.95625,32.96988636,89.96903409,0.5698443896907136,9.525852273
2020-09-05,0.0,38.42443182,38.15482955,77.19943182,0.5698443896907136,11.03579545
2020-09-06,0.0,38.37698864,36.31647727,64.93068182,0.075284091,14.56193182
2020-09-07,2.139772727,34.51207386,66.29105114,97.52869318,0.0,9.578409091
2020-09-08,0.0,32.51590909,70.78764205,94.65340909,0.069602273,8.940909091
2020-09-09,0.335795455,36.30284091,61.04914773,95.65681818,0.003333333,5.672424242
2020-09-10,3.014204545,31.20454545,80.00085227,98.90909091,4.256818182,0.0
2020-09-11,0.0,32.10454545,41.41363636,90.99772727,7.796022727,0.046875
2020-09-12,0.0,32.87045455,34.92585227,96.32926136,5.991761364,0.0
2020-09-13,14.80170455,33.89318182,73.11732955,98.67556818,0.0,7.111363636
2020-09-14,45.7125,31.00397727,83.371875,98.88465909,0.110795455,8.465625
2020-09-15,17.55539773,32.40625,82.56647727,98.70795455,0.012215909,8.627272727
2020-09-16,1.104261364,33.57215909,76.65596591,98.54744318,0.0,5.020170455
2020-09-17,2.615625,31.39034091,79.48125,98.47840909,0.0,5.932670455
2020-09-18,0.396590909,35.07698864,69.84147727,98.38920455,0.022727273,4.953125
2020-09-19,0.911931818,33.79375,79.57613636,98.08153409,0.0,8.585227273
2020-09-20,6.889772727,33.84204545,78.95539773,98.58494318,0.0,7.504545455
2020-09-21,2.371022727,33.409375,78.37869318,98.23892045,0.007670455,8.583522727
2020-09-22,18.69857955,31.75625,81.45085227,98.57982955,0.0,6.552272727
2020-09-23,3.913352273,32.33409091,80.51136364,98.05681818,0.260795455,7.473295455
2020-09-24,0.1,32.05454545,77.81164773,94.25852273,0.336363636,9.135227273
2020-09-25,0.500568182,33.859375,72.52102273,97.75056818,0.0,7.4875
2020-09-26,60.91676136,33.24857955,80.47471591,99.22443182,0.021875,6.744034091
2020-09-27,4.095738636,28.97613636,88.71590909,99.30994318,0.068181818,7.603977273
2020-09-28,0.0,32.55511364,79.08522727,97.78551136,0.0,8.284943182
2020-09-29,0.00625,34.12215909,75.653125,97.63522727,0.031818182,7.313636364
2020-09-30,2.354545455,33.03096591,79.51193182,97.95965909,0.0,7.929261364
2020-10-01,0.0,30.121875,58.64261364,94.6,0.0,9.318181818
2020-10-02,0.730681818,24.62698864,83.265625,98.49857955,0.0,7.163920455
2020-10-03,0.022727273,32.13267045,60.42272727,94.65,0.0,10.51335227
2020-10-04,0.0,36.47443182,43.09772727,89.11363636,0.5698443896907136,12.35653409
2020-10-05,0.109090909,40.24460227,31.22443182,83.06221591,0.5698443896907136,12.21988636
2020-10-06,17.24943182,39.34375,33.31818182,97.08835227,0.320454545,13.36619318
2020-10-07,34.12272727,33.97017045,71.32088068,99.00710227,0.009375,9.130397727
2020-10-08,70.70568182,30.42542614,76.91818182,98.67599432,0.325,9.873863636
2020-10-09,0.115340909,34.98806818,65.74744318,97.78806818,0.006666667,7.392121212
2020-10-10,6.191761364,33.58409091,77.19005682,98.98380682,6.206818182,0.0
2020-10-11,0.0,30.12528409,32.51164773,91.60596591,8.296590909,0.0
2020-10-12,0.0,32.55880682,34.83892045,96.31335227,7.390625,0.0
2020-10-13,31.25426136,31.67017045,82.15426136,98.828125,8.086931818,0.0125
2020-10-14,63.73465909,26.29090909,94.29488636,98.15994318,13.46193182,0.688920455
2020-10-15,0.293465909,30.1875,85.01732955,98.7875,8.271022727,0.090625
2020-10-16,0.0,31.70284091,79.26619318,98.19829545,6.231534091,0.0
2020-10-17,19.97698864,34.01306818,69.13806818,98.79176136,6.299715909,0.0
2020-10-18,2.486363636,33.11221591,79.17215909,98.71960227,3.842613636,0.0
2020-10-19,0.296875,34.72613636,65.78352273,98.06846591,4.257386364,0.00625
2020-10-20,6.423011364,33.68210227,72.31193182,98.17130682,7.134659091,0.283522727
2020-10-21,12.80227273,32.66306818,77.48295455,98.73863636,6.648579545,0.018181818
2020-10-22,0.054829545,31.9125,81.14488636,98.50142045,5.159090909,0.0
2020-10-23,0.0,33.45539773,66.33323864,97.85426136,5.530397727,0.392045455
2020-10-24,0.0,33.625,56.53607955,97.99829545,4.879285714,0.0
2020-10-25,0.0,34.78977273,52.59318182,98.62840909,4.260714286,0.0
2020-10-26,0.0,34.49460227,47.90767045,98.13892045,4.13961039,0.0
2020-10-27,0.0,33.49289773,48.17613636,97.30994318,6.881493506,0.0
2020-10-28,0.0,33.11420455,46.99772727,97.56732955,5.725,0.003125
2020-10-29,0.0,33.771875,42.63352273,96.82869318,5.596306818,0.00625
2020-10-30,0.0,33.74034091,49.94801136,94.37613636,5.314204545,0.0
2020-10-31,0.0,32.56164773,48.91477273,95.72386364,7.911647727,0.0
2020-11-01,0.0,27.93465909,64.22727273,89.50539773,0.0,5.791193182
2020-11-02,0.025,29.05454545,66.40056818,97.43409091,0.0,5.791477273
2020-11-03,0.0,33.99488636,48.36960227,93.54829545,0.0,13.28806818
2020-11-04,0.0,37.00170455,33.97045455,88.19829545,0.5698443896907136,8.870454545
2020-11-05,0.0,36.90028409,27.15198864,70.89971591,0.5698443896907136,12.60823864
2020-11-06,70.79715909,37.46164773,48.89147727,99.02159091,0.090625,17.28125
2020-11-07,0.445454545,32.12982955,77.36193182,97.43607955,0.0625,7.313920455
2020-11-08,31.07556818,26.24815341,94.55894886,99.11235795,0.00625,7.541761364
2020-11-09,10.37159091,35.08125,65.95795455,98.41079545,0.0,5.668484848
2020-11-10,13.09801136,32.38409091,83.21761364,99.17528409,6.224715909,0.0
2020-11-11,0.0,30.259375,35.80142045,91.23693182,7.701136364,0.1125
2020-11-12,0.0,32.63778409,40.31732955,95.06704545,4.518181818,0.0
2020-11-13,1.307386364,32.29772727,61.84431818,97.54289773,5.909375,0.0
2020-11-14,0.0,33.83181818,50.26363636,96.33579545,6.069034091,0.0
2020-11-15,0.0,33.98721591,48.19488636,95.00767045,5.796875,0.003125
2020-11-16,0.0,33.43664773,49.59772727,94.49659091,7.385267857,0.175
2020-11-17,0.0,34.11960227,42.56761364,95.72386364,8.060267857,0.0
2020-11-18,0.0,33.15,49.73607955,96.96164773,7.278125,0.0
2020-11-19,0.0,32.41335227,56.11392045,95.98494318,10.796875,0.0
2020-11-20,0.0,33.39431818,54.45539773,97.83920455,11.209375,0.0
2020-11-21,0.0,33.56477273,48.01420455,96.69573864,6.440909091,0.0
2020-11-22,0.0,33.14005682,45.91107955,97.56335227,4.086931818,0.0
2020-11-23,0.0,32.26505682,56.03039773,95.35880682,6.43125,0.040625
2020-11-24,0.0,31.775,31.59659091,95.01789773,5.309375,0.0
2020-11-25,0.0,29.42982955,45.80340909,96.02301136,7.23125,0.0
2020-11-26,0.068465909,31.61392045,47.33863636,94.35823864,7.80625,0.059375
2020-11-27,2.746875,26.71647727,69.45965909,97.45909091,6.33125,0.00625
2020-11-28,5.976988636,23.13721591,85.24375,97.44090909,8.623579545,0.866761364
2020-11-29,0.1375,28.59914773,68.28835227,97.55965909,7.767613636,0.0
2020-11-30,0.234375,32.64119318,56.71846591,93.50852273,5.313920455,0.0
2020-12-01,0.0,29.99232955,46.93579545,92.39801136,0.0,6.247159091
2020-12-02,0.0,30.44119318,63.76306818,97.55170455,0.0,8.030965909
2020-12-03,0.863636364,33.61477273,55.01420455,93.84772727,0.0,12.99857955
2020-12-04,0.2,37.98920455,28.56221591,85.4375,0.5698443896907136,7.882670455
2020-12-05,0.0,39.12471591,24.65823864,79.52869318,0.5698443896907136,10.25880682
2020-12-06,14.36590909,30.58125,77.72102273,97.77073864,0.331818182,11.97755682
2020-12-07,3.619318182,34.16633523,68.53778409,97.89204545,0.040625,9.646022727
2020-12-08,1.290625,31.67272727,79.88650568,97.70383523,0.105965909,8.883806818
2020-12-09,28.71022727,34.08011364,72.43835227,98.65454545,0.006666667,8.672424242
2020-12-10,7.259659091,32.328125,79.92471591,98.86676136,4.342857143,0.017857143
2020-12-11,0.0,32.19943182,45.85454545,90.31051136,7.242897727,0.0
2020-12-12,0.0,32.41789773,38.834375,97.04232955,6.334375,0.0
2020-12-13,0.0,31.11875,50.88096591,97.41306818,7.532386364,0.0
2020-12-14,0.0,31.18664773,49.64318182,96.47642045,6.525284091,0.0
2020-12-15,0.0,31.23920455,44.02017045,95.88352273,8.063352273,0.0
2020-12-16,0.0,31.01590909,50.43863636,97.41420455,9.286363636,0.0
2020-12-17,0.0,31.08806818,52.12045455,97.09460227,5.978693182,0.0
2020-12-18,0.0,31.35369318,52.73125,97.60227273,6.618465909,0.0
2020-12-19,0.0,30.66704545,49.35710227,96.02670455,5.026136364,0.003125
2020-12-20,0.0,30.40965909,43.16903409,93.20625,7.269318182,0.125
2020-12-21,0.0,29.38863636,32.65625,85.12642045,6.376420455,0.10625
2020-12-22,0.0,29.15823864,25.88210227,91.99034091,6.505965909,0.0
2020-12-23,0.0,29.76079545,29.56363636,94.61676136,6.147159091,0.0
2020-12-24,0.0,30.17727273,39.42698864,96.11988636,5.210227273,0.0
2020-12-25,0.0,29.84261364,43.90198864,96.85880682,6.688920455,0.0
2020-12-26,0.0,29.20568182,46.95965909,97.19602273,5.558806818,0.0
2020-12-27,0.0,30.38380682,38.36590909,96.15880682,4.9125,0.0
2020-12-28,0.0,30.75113636,32.73039773,94.55909091,6.040625,0.0
2020-12-29,0.0,30.76732955,41.14715909,96.79119318,7.459090909,0.0
2020-12-30,0.0,30.69886364,43.89375,95.58948864,8.309375,0.0
2020-12-31,0.0,30.35255682,43.15426136,95.98295455,8.803125,0.0
2021-01-01,0.0,30.23,48.78,96.25,0.0,0.0
2021-01-02,0.0,31.82,49.49,97.53,0.0,0.0
2021-01-03,0.0,37.27,21.19,91.28,0.0,0.0
2021-01-04,0.0,38.79,17.75,70.01,0.12,8.57
2021-01-05,0.0,38.54,17.11,43.98,0.06,5.56
2021-01-06,9.07,40.54,31.36,93.9,0.16,10.88
2021-01-07,28.85,35.95,56.53,98.75,0.01,10.31
2021-01-08,0.11,32.76,59.22,86.29,0.0,12.56
2021-01-09,5.03,29.16,87.44,99.74,0.17,7.4
2021-01-10,0.0,33.65,62.76,99.64,0.0,4.29
2021-01-11,0.0,32.9,56.45,90.74,0.0,0.0
2021-01-12,0.0,31.79,46.68,98.47,0.0,5.12
2021-01-13,0.0,32.84,42.96,97.21,0.0,0.0
2021-01-14,0.0,33.33,41.87,97.64,0.0,0.0
2021-01-15,0.0,32.57,38.51,97.49,0.0,0.0
2021-01-16,0.0,31.8,39.83,97.93,0.0,0.0
2021-01-17,0.0,31.72,40.25,97.9,0.0,0.0
2021-01-18,0.0,31.33,48.94,97.3,0.0,0.0
2021-01-19,0.0,31.04,48.41,97.54,0.0,0.0
2021-01-20,0.0,31.79,45.51,97.74,0.0,0.0
2021-01-21,0.0,33.74,33.24,94.61,0.0,0.0
2021-01-22,0.0,33.58,42.39,95.71,0.0,0.0
2021-01-23,0.0,33.21,41.77,97.03,0.0,0.0
2021-01-24,0.0,32.85,44.4,95.73,0.0,0.0
2021-01-25,0.0,33.14,42.18,93.68,0.0,0.0
2021-01-26,0.0,33.37,42.5,89.99,0.0,0.0
2021-01-27,0.0,33.06,42.79,94.93,0.0,0.0
2021-01-28,0.0,31.64,50.86,95.11,0.0,0.0
2021-01-29,0.0,31.29,54.78,96.79,0.0,0.0
2021-01-30,0.0,31.8,45.85,97.46,0.0,0.0
2021-01-31,0.0,31.67,50.37,96.67,0.0,0.0
2021-02-01,0.0,29.44,51.37,96.75,0.0,0.0
2021-02-02,0.0,31.49,41.21,97.8,0.0,0.0
2021-02-03,0.0,35.7,31.36,94.72,0.0,0.0
2021-02-04,0.0,38.61,23.59,67.73,0.01,10.24
2021-02-05,0.0,36.47,20.59,44.94,0.01,6.52
2021-02-06,4.31,38.65,38.11,89.34,0.03,9.36
2021-02-07,31.47,31.4,84.82,98.98,0.0,10.27
2021-02-08,0.0,32.91,58.96,84.58,0.15,11.58
2021-02-09,4.28,28.73,86.76,99.66,0.0,6.74
2021-02-10,0.03,34.26,61.8,99.63,0.01,4.48
2021-02-11,0.0,31.58,48.49,97.02,0.0,0.0
2021-02-12,0.0,31.79,46.32,95.69,0.0,4.64
2021-02-13,0.0,32.34,36.77,95.61,0.0,0.0
2021-02-14,0.0,32.79,40.95,95.72,0.0,0.0
2021-02-15,0.0,33.94,32.99,93.21,0.0,0.0
2021-02-16,0.0,33.9,33.66,90.19,0.0,0.0
2021-02-17,0.0,33.71,34.57,88.34,0.0,0.0
2021-02-18,0.0,33.35,33.19,94.63,0.0,0.0
2021-02-19,6.16,31.32,49.94,96.19,0.0,0.0
2021-02-20,0.06,27.99,57.91,90.17,0.0,0.0
2021-02-21,0.0,30.96,45.93,95.14,0.0,0.0
2021-02-22,0.0,31.37,44.39,96.55,0.0,0.0
2021-02-23,0.0,32.65,43.89,96.95,0.0,0.0
2021-02-24,0.0,34.04,32.53,94.78,0.0,0.0
2021-02-25,0.0,35.1,27.87,93.29,0.0,0.0
2021-02-26,0.0,36.27,26.04,90.56,0.0,0.0
2021-02-27,0.0,37.11,24.37,88.88,0.0,0.0
2021-02-28,0.0,36.11,22.86,90.46,0.0,0.0
2021-03-01,0.0,30.41,46.96,97.01,0.0,0.0
2021-03-02,0.0,32.11,32.14,97.13,0.0,0.0
2021-03-03,0.0,35.42,32.59,92.45,0.0,0.0
2021-03-04,0.0,39.4,17.7,80.36,0.0,9.06
2021-03-05,5.73,37.31,18.46,44.48,0.01,6.18
2021-03-06,24.35,36.6,43.44,93.19,0.0,10.72
2021-03-07,1.57,28.64,86.4,98.77,0.0,7.19
2021-03-08,0.04,33.58,55.97,84.99,0.29,11.17
2021-03-09,4.33,33.59,71.47,99.43,0.1,6.39
2021-03-10,0.0,34.22,60.52,99.29,0.0,3.68
2021-03-11,10.65,31.72,65.25,99.6,0.0,0.0
2021-03-12,0.0,31.84,45.24,99.08,0.0,5.32
2021-03-13,0.0,34.41,35.63,92.06,0.0,0.0
2021-03-14,0.0,34.69,20.34,84.53,0.0,0.0
2021-03-15,0.0,35.88,25.68,88.79,0.0,0.0
2021-03-16,0.0,34.85,27.65,91.91,0.0,0.0
2021-03-17,0.0,34.74,38.88,95.17,0.0,0.0
2021-03-18,0.0,35.15,39.4,95.39,0.0,0.0
2021-03-19,0.0,34.34,36.54,90.11,0.0,0.0
2021-03-20,0.0,34.39,30.9,88.57,0.0,0.0
2021-03-21,0.0,35.57,27.82,80.69,0.0,0.0
2021-03-22,0.0,34.54,34.86,89.19,0.0,0.0
2021-03-23,0.0,36.21,35.55,80.45,0.0,0.0
2021-03-24,0.0,34.18,35.78,76.61,0.0,0.0
2021-03-25,0.0,36.52,31.43,87.37,0.0,0.0
2021-03-26,0.0,37.83,26.58,85.62,0.0,0.0
2021-03-27,0.0,36.86,35.03,86.14,0.0,0.0
2021-03-28,0.0,38.52,28.71,91.91,0.0,0.0
2021-03-29,0.0,38.89,24.21,91.75,0.0,0.0
2021-03-30,0.0,38.36,31.95,93.31,0.0,0.0
2021-03-31,0.0,39.31,27.29,84.02,0.0,0.0
2021-04-01,0.0,30.51,47.07,97.17,0.0,0.0
2021-04-02,0.0,32.14,22.79,97.12,0.0,0.0
2021-04-03,0.0,35.74,27.93,91.83,0.0,0.0
2021-04-04,0.0,38.26,34.2,91.83,0.07,12.4
2021-04-05,0.01,37.33,18.42,44.51,0.01,4.61
2021-04-06,17.24,29.57,75.81,97.87,0.01,8.03
2021-04-07,0.0,33.39,61.78,95.57,0.0,9.07
2021-04-08,0.11,32.85,59.21,88.13,0.0,9.51
2021-04-09,8.1,32.89,72.04,99.52,0.0,5.27
2021-04-10,2.47,34.04,61.1,99.82,0.0,4.6
2021-04-11,0.43,31.13,71.72,99.85,0.0,0.0
2021-04-12,0.0,31.24,46.32,96.45,0.18,4.83
2021-04-13,7.58,36.79,39.17,90.13,0.04,11.68
2021-04-14,21.18,36.86,36.71,97.5,0.05,11.91
2021-04-15,0.04,32.46,53.35,94.52,0.0,9.73
2021-04-16,0.0,35.19,39.84,94.98,0.0,7.65
2021-04-17,0.0,36.83,33.6,93.92,0.1,8.0
2021-04-18,0.0,37.94,36.42,93.31,0.0,9.48
2021-04-19,0.0,37.74,37.37,88.91,0.11,10.88
2021-04-20,0.0,40.01,29.19,90.72,0.0,9.28
2021-04-21,0.0,38.36,38.51,86.17,0.24,11.68
2021-04-22,8.73,38.26,39.64,92.1,0.25,13.64
2021-04-23,0.0,36.16,44.86,88.33,0.0,8.92
2021-04-24,0.03,37.22,38.67,87.03,0.01,8.99
2021-04-25,0.0,38.68,28.29,82.73,0.09,7.33
2021-04-26,0.0,38.76,30.9,87.25,0.13,7.46
2021-04-27,0.0,38.9,24.4,72.89,0.0,7.11
2021-04-28,0.0,39.13,23.79,82.96,0.01,9.41
2021-04-29,0.0,39.28,27.79,89.2,0.14,8.89
2021-04-30,0.0,39.19,34.78,75.65,0.0,14.24
2021-05-01,0.0,30.95,41.74,96.22,0.0,0.0
2021-05-02,0.0,31.5,31.61,94.26,0.0,0.0
2021-05-03,0.0,35.89,25.67,84.41,0.0,0.0
2021-05-04,0.0,36.63,40.74,92.82,0.0,10.64
2021-05-05,0.0,38.3,18.04,45.2,0.07,5.58
2021-05-06,9.34,35.57,50.9,96.79,0.01,11.2
2021-05-07,0.0,35.51,55.47,93.49,0.0,7.07
2021-05-08,0.0,33.76,56.23,87.06,0.04,10.42
2021-05-09,6.23,32.91,71.05,99.12,0.0,7.54
2021-05-10,0.09,33.77,64.69,99.68,0.0,4.5
2021-05-11,0.0,32.58,60.94,99.2,0.0,0.0
2021-05-12,0.0,32.18,40.38,91.47,0.28,6.13
2021-05-13,1.36,38.5,21.18,45.52,0.37,6.99
2021-05-14,0.0,39.24,17.85,43.02,0.09,6.63
2021-05-15,0.0,37.41,22.19,45.26,0.53,7.36
2021-05-16,0.16,37.71,20.79,45.5,0.91,7.29
2021-05-17,0.37,33.56,56.19,93.16,0.72,15.65
2021-05-18,0.0,36.8,45.91,90.03,1.3,16.46
2021-05-19,0.26,37.98,43.56,90.05,0.99,16.01
2021-05-20,1.57,37.64,41.7,88.7,0.59,12.57
2021-05-21,0.0,37.21,40.79,88.01,0.08,14.99
2021-05-22,0.0,38.92,28.51,84.21,0.21,12.67
2021-05-23,0.0,38.83,28.14,84.75,0.01,8.41
2021-05-24,0.03,40.73,26.33,72.46,0.03,11.25
2021-05-25,0.0,40.06,26.4,60.47,0.0,11.74
2021-05-26,0.0,38.56,17.64,57.51,0.0,12.48
2021-05-27,0.01,41.06,20.09,46.25,0.57,16.15
2021-05-28,0.69,40.32,28.21,66.46,0.4,15.54
2021-05-29,0.0,38.86,33.89,69.8,0.19,15.02
2021-05-30,1.47,42.23,25.32,75.11,0.27,14.84
2021-05-31,0.0,39.9,31.82,68.76,0.03,8.21
2021-06-01,0.0,31.75,42.68,95.09,0.0,0.0
2021-06-02,0.0,31.73,29.68,93.64,0.0,0.0
2021-06-03,0.0,35.74,26.13,81.34,0.0,0.0
2021-06-04,0.0,36.04,49.06,91.77,0.13,10.63
2021-06-05,0.0,38.53,16.74,42.56,0.0,7.49
2021-06-06,0.16,35.44,49.93,94.0,0.15,9.01
2021-06-07,0.05,33.83,64.13,97.4,0.0,6.52
2021-06-08,2.36,33.51,57.21,96.22,0.01,10.18
2021-06-09,0.37,32.29,73.18,98.91,0.0,6.69
2021-06-10,9.82,33.02,74.25,99.92,0.0,6.7
2021-06-11,0.0,32.63,59.52,99.74,0.0,0.0
2021-06-12,0.0,31.75,45.81,98.64,0.0,7.85
2021-06-13,0.64,32.44,64.3,91.36,0.06,11.69
2021-06-14,29.89,34.35,54.79,98.48,0.01,12.51
2021-06-15,13.39,31.81,74.02,97.61,0.08,11.73
2021-06-16,3.73,32.48,68.62,97.2,0.05,9.72
2021-06-17,3.9,33.91,56.76,94.48,0.11,10.95
2021-06-18,3.41,31.54,68.23,95.74,0.0,11.54
2021-06-19,0.19,33.56,57.7,87.43,0.67,12.7
2021-06-20,0.34,32.8,56.25,84.3,0.29,11.89
2021-06-21,0.01,34.91,47.42,77.78,0.03,12.69
2021-06-22,0.01,35.57,43.7,83.04,0.11,10.1
2021-06-23,6.29,33.9,52.53,96.06,0.0,9.69
2021-06-24,24.43,30.28,77.26,97.26,0.0,6.79
2021-06-25,1.75,30.76,71.1,96.33,0.06,9.88
2021-06-26,4.39,33.04,59.61,94.64,0.03,11.26
2021-06-27,24.66,33.85,61.29,98.34,0.11,11.43
2021-06-28,25.23,32.57,73.78,98.47,0.0,9.43
2021-06-29,0.65,33.2,68.07,96.59,0.0,7.07
2021-06-30,0.28,34.96,58.57,93.21,0.18,7.8
2021-07-01,0.03,29.37,53.16,90.3,0.0,0.0
2021-07-02,0.0,32.47,34.16,94.57,0.0,0.0
2021-07-03,0.0,36.45,21.13,88.71,0.0,0.0
2021-07-04,0.0,36.3,46.7,94.64,0.23,9.54
2021-07-05,0.0,37.71,19.8,44.71,0.45,7.39
2021-07-06,0.0,37.09,42.72,90.4,0.14,9.75
2021-07-07,1.72,34.8,57.34,96.41,0.0,7.15
2021-07-08,0.13,32.63,61.67,96.37,0.0,8.27
2021-07-09,162.07,27.06,93.94,99.67,0.17,9.5
2021-07-10,0.35,33.32,66.56,99.82,0.0,5.48
2021-07-11,0.0,31.85,55.03,99.18,0.0,0.0
2021-07-12,0.0,32.57,44.14,98.81,0.01,6.63
2021-07-13,15.09,30.9,81.77,98.57,0.0,6.89
2021-07-14,6.31,30.22,81.78,97.86,0.01,8.69
2021-07-15,18.39,28.48,83.0,98.53,0.03,9.47
2021-07-16,1.14,31.08,78.83,97.24,0.33,7.69
2021-07-17,1.29,31.87,76.82,97.28,0.14,8.1
2021-07-18,0.04,34.49,62.51,97.36,0.04,6.95
2021-07-19,8.76,34.24,64.39,98.08,0.01,9.39
2021-07-20,5.24,32.97,71.08,96.95,0.03,9.64
2021-07-21,17.64,31.61,72.28,98.24,0.02,11.17
2021-07-22,48.9,25.37,92.6,98.42,0.41,10.44
2021-07-23,109.71,24.79,92.88,98.77,0.16,11.03
2021-07-24,21.14,30.37,82.13,98.76,0.03,11.1
2021-07-25,4.81,32.73,72.23,97.9,0.0,9.82
2021-07-26,7.5,33.48,66.13,97.74,0.0,10.65
2021-07-27,0.01,33.27,65.24,90.92,0.13,10.78
2021-07-28,0.0,33.1,59.42,90.7,0.25,11.26
2021-07-29,0.09,33.11,58.26,83.48,0.07,12.73
2021-07-30,0.21,30.71,68.1,89.12,0.17,10.34
2021-07-31,0.01,31.63,64.96,81.86,0.69,11.17
2021-08-01,0.0,29.7,56.3,96.27,0.0,0.0
2021-08-02,0.0,29.71,40.13,88.45,0.0,0.0
2021-08-03,0.0,36.43,27.16,94.42,0.0,0.0
2021-08-04,0.0,37.17,38.49,93.67,0.23,10.9
2021-08-05,0.0,38.13,18.02,42.83,0.05,7.58
2021-08-06,7.89,35.61,48.1,95.2,0.0,9.3
2021-08-07,1.92,35.23,59.54,94.84,0.09,9.89
2021-08-08,2.09,33.66,60.79,97.25,0.02,7.76
2021-08-09,2.93,29.25,84.76,99.51,0.35,7.71
2021-08-10,2.62,33.75,62.7,99.84,0.0,5.67
2021-08-11,0.0,31.75,44.25,97.52,0.0,0.0
2021-08-12,0.0,31.88,48.49,98.74,0.0,6.01
2021-08-13,2.02,34.34,58.52,97.0,0.06,8.74
2021-08-14,4.12,32.55,67.18,97.07,0.0,9.29
2021-08-15,0.26,32.87,64.13,96.07,0.0,10.88
2021-08-16,13.41,33.07,66.91,99.21,0.01,8.57
2021-08-17,3.31,28.64,85.83,98.86,0.16,8.32
2021-08-18,11.04,28.8,84.04,99.24,0.05,7.22
2021-08-19,4.4,29.28,83.61,98.16,0.0,7.33
2021-08-20,2.46,30.64,79.71,98.29,0.11,7.81
2021-08-21,0.01,30.14,80.78,99.23,0.0,5.61
2021-08-22,21.77,32.34,77.0,99.31,0.07,7.67
2021-08-23,19.51,33.74,64.0,98.74,0.04,7.77
2021-08-24,0.0,34.36,60.6,98.49,0.0,7.39
2021-08-25,0.01,34.49,62.05,97.99,0.0,8.07
2021-08-26,24.34,34.71,60.06,99.52,0.01,10.24
2021-08-27,15.18,32.8,78.55,99.68,0.0,7.44
2021-08-28,7.76,33.21,71.23,99.66,0.0,6.37
2021-08-29,2.7,30.57,83.11,99.38,0.0,7.21
2021-08-30,52.41,31.05,78.39,99.42,0.01,6.34
2021-08-31,34.39,30.75,82.99,99.77,0.01,5.71
2021-09-01,0.0,33.19,38.06,95.44,0.0,0.0
2021-09-02,0.0,30.87,31.62,94.01,0.0,0.0
2021-09-03,0.0,34.77,37.53,94.7,0.0,0.0
2021-09-04,0.0,37.41,33.96,92.84,0.19,12.31
2021-09-05,0.0,37.98,19.05,44.2,0.01,7.22
2021-09-06,54.89,37.43,41.09,97.64,0.01,11.2
2021-09-07,0.11,29.96,74.42,96.58,0.0,6.02
2021-09-08,2.98,34.6,59.4,96.92,0.0,6.93
2021-09-09,0.1,30.36,79.92,97.53,0.25,8.13
2021-09-10,0.0,34.45,61.77,99.05,0.0,5.45
2021-09-11,0.0,31.93,36.02,96.36,0.0,0.0
2021-09-12,0.0,32.11,46.04,94.96,0.0,4.55
2021-09-13,0.79,32.69,72.66,97.39,0.07,7.37
2021-09-14,0.63,32.54,72.77,97.77,0.03,8.26
2021-09-15,0.05,32.41,71.98,96.54,0.11,8.63
2021-09-16,0.0,33.46,62.05,96.97,0.1,8.12
2021-09-17,0.0,33.7,57.58,97.15,0.0,7.16
2021-09-18,1.24,33.6,55.71,97.39,0.0,7.1
2021-09-19,0.36,30.52,76.62,98.53,0.0,4.78
2021-09-20,37.14,34.01,60.99,99.26,0.06,7.21
2021-09-21,17.67,32.81,71.46,99.47,0.0,7.47
2021-09-22,3.32,32.08,75.8,98.73,0.17,6.67
2021-09-23,1.59,31.79,78.4,98.98,0.0,5.55
2021-09-24,7.31,32.38,74.43,99.14,0.01,4.99
2021-09-25,8.53,33.48,65.16,98.94,0.0,4.83
2021-09-26,0.89,33.43,71.3,98.72,0.01,6.66
2021-09-27,9.05,32.54,73.81,98.93,0.12,7.86
2021-09-28,43.73,26.46,93.24,99.13,0.7,10.63
2021-09-29,0.01,31.31,78.89,99.05,0.01,8.16
2021-09-30,0.01,33.4,62.6,99.01,0.0,4.11
2021-10-01,0.0,32.49,28.85,96.99,0.0,0.0
2021-10-02,0.0,31.56,27.71,95.41,0.0,0.0
2021-10-03,0.0,33.62,41.45,95.96,0.0,0.0
2021-10-04,0.0,35.78,41.39,91.76,0.32,9.93
2021-10-05,0.0,38.44,18.6,43.69,0.16,7.06
2021-10-06,3.73,31.24,76.7,97.76,0.04,9.07
2021-10-07,9.89,32.9,66.67,97.66,0.0,7.42
2021-10-08,5.2,35.16,58.29,98.24,0.01,7.27
2021-10-09,0.01,32.92,71.3,98.13,0.0,8.36
2021-10-10,0.6,34.82,62.94,99.45,0.18,6.34
2021-10-11,0.0,29.96,44.52,91.12,0.0,0.0
2021-10-12,0.0,32.35,49.71,96.82,0.0,5.72
2021-10-13,0.0,33.33,48.97,98.49,0.01,6.57
2021-10-14,0.0,33.36,54.35,96.7,0.0,5.55
2021-10-15,0.0,33.82,52.13,95.12,0.27,6.14
2021-10-16,3.23,32.81,59.5,99.58,0.0,6.53
2021-10-17,18.8,30.32,81.43,99.94,0.0,5.75
2021-10-18,0.07,32.58,75.45,99.84,0.02,7.46
2021-10-19,0.0,34.52,53.95,99.01,0.0,5.15
2021-10-20,0.0,33.38,56.19,99.27,0.0,7.65
2021-10-21,0.0,32.67,58.06,98.1,0.0,8.29
2021-10-22,0.0,33.49,46.22,96.55,0.05,6.08
2021-10-23,0.0,32.61,43.38,93.76,0.0,7.56
2021-10-24,0.0,33.38,39.5,98.67,0.0,5.36
2021-10-25,0.0,33.19,46.5,96.36,0.0,6.07
2021-10-26,0.0,32.28,48.84,94.76,0.28,7.08
2021-10-27,0.0,32.47,40.4,94.89,0.0,7.6
2021-10-28,0.0,32.01,39.75,92.01,0.0,8.38
2021-10-29,0.0,32.41,50.76,91.04,0.38,8.3
2021-10-30,0.0,32.04,58.46,90.63,0.01,5.08
2021-10-31,0.02,32.57,61.41,95.68,0.0,4.95
2021-11-01,0.0,31.84,36.29,96.44,0.0,0.0
2021-11-02,0.0,32.71,29.92,96.3,0.0,0.0
2021-11-03,0.0,34.22,38.36,95.54,0.0,0.0
2021-11-04,0.0,35.69,42.19,84.81,0.07,14.13
2021-11-05,0.0,39.21,18.32,40.95,0.16,5.86
2021-11-06,12.24,33.43,60.1,97.6,0.23,12.0
2021-11-07,17.44,32.73,70.82,97.64,0.0,7.18
2021-11-08,0.0,33.74,65.19,96.77,0.23,7.28
2021-11-09,0.36,32.05,74.1,98.55,0.0,8.23
2021-11-10,0.02,33.71,55.56,98.03,0.0,7.05
2021-11-11,0.0,31.73,40.18,81.65,0.0,0.0
2021-11-12,0.0,30.41,59.51,98.86,0.0,3.77
2021-11-13,0.52,31.0,65.44,99.48,0.0,0.0
2021-11-14,8.08,30.82,77.22,99.33,0.0,0.0
2021-11-15,17.78,32.7,62.4,99.7,0.0,0.0
2021-11-16,3.12,32.09,72.68,99.66,0.0,0.0
2021-11-17,0.87,31.61,71.12,99.71,0.0,0.0
2021-11-18,0.0,33.09,60.52,99.48,0.0,0.0
2021-11-19,0.88,30.32,79.24,99.42,0.0,0.0
2021-11-20,0.22,29.65,75.32,99.17,0.0,0.0
2021-11-21,2.55,31.57,70.79,99.45,0.0,0.0
2021-11-22,0.65,33.14,59.46,99.65,0.0,0.0
2021-11-23,0.0,33.5,58.07,99.54,0.0,0.0
2021-11-24,0.71,33.25,60.38,99.67,0.0,0.0
2021-11-25,0.0,33.29,53.48,99.89,0.0,0.0
2021-11-26,0.0,32.62,46.55,99.4,0.0,0.0
2021-11-27,0.0,32.18,42.57,98.78,0.0,0.0
2021-11-28,0.0,31.18,42.82,94.2,0.0,0.0
2021-11-29,0.0,30.0,52.36,94.62,0.0,0.0
2021-11-30,0.0,29.31,59.13,90.42,0.0,0.0
2021-12-01,0.0,32.06,42.83,96.79,0.0,0.0
2021-12-02,0.0,33.12,35.96,96.34,0.0,0.0
2021-12-03,0.0,34.49,32.4,95.02,0.0,0.0
2021-12-04,0.0,36.33,35.54,89.54,0.12,7.14
2021-12-05,5.94,39.18,19.57,47.24,0.17,7.24
2021-12-06,1.03,31.92,67.79,92.95,0.28,14.96
2021-12-07,62.49,27.93,92.3,98.76,0.0,6.81
2021-12-08,0.01,33.36,60.94,96.73,0.0,9.41
2021-12-09,1.23,31.43,76.83,99.26,0.04,7.0
2021-12-10,0.0,34.02,48.67,98.52,0.0,4.98
2021-12-11,0.0,28.41,58.42,88.38,0.0,0.0
2021-12-12,0.0,31.49,48.69,93.54,0.01,5.13
2021-12-13,0.0,31.52,46.42,92.4,0.0,5.41
2021-12-14,0.0,31.37,43.72,98.75,0.0,4.25
2021-12-15,0.0,29.66,47.13,98.62,0.0,4.78
2021-12-16,0.0,29.31,40.24,98.52,0.0,6.61
2021-12-17,0.0,29.38,38.3,95.21,0.0,5.83
2021-12-18,0.0,29.38,32.85,96.77,0.0,6.41
2021-12-19,0.0,29.24,31.02,98.2,0.0,6.39
2021-12-20,0.0,29.4,39.58,93.16,0.02,4.41
2021-12-21,0.0,28.26,35.84,89.71,0.0,5.82
2021-12-22,0.0,28.55,19.39,90.78,0.0,5.37
2021-12-23,0.0,29.92,19.01,93.94,0.0,5.51
2021-12-24,0.0,31.88,27.19,96.77,0.0,4.65
2021-12-25,0.0,31.28,36.17,98.98,0.0,6.14
2021-12-26,0.0,30.96,48.39,99.24,0.0,6.72
2021-12-27,0.0,30.17,56.42,99.33,0.0,7.05
2021-12-28,0.0,27.78,65.28,99.45,0.0,7.33
2021-12-29,0.0,29.79,51.99,99.46,0.01,8.7
2021-12-30,0.0,30.18,49.88,99.0,0.0,8.22
2021-12-31,0.0,29.62,54.58,99.22,0.0,5.72
